"site_id","time","temp_c"
"AQ","2026-02-25T00:00:00.000000",2.3306405544281
"AQ","2026-02-25T01:00:00.000000",2.22046327590942
"AQ","2026-02-25T02:00:00.000000",2.18867111206055
"AQ","2026-02-25T03:00:00.000000",2.18190550804138
"AQ","2026-02-25T04:00:00.000000",2.1491277217865
"AQ","2026-02-25T05:00:00.000000",2.11067748069763
"AQ","2026-02-25T06:00:00.000000",2.12801456451416
"AQ","2026-02-25T07:00:00.000000",2.13002586364746
"AQ","2026-02-25T08:00:00.000000",2.09672331809998
"AQ","2026-02-25T09:00:00.000000",2.10306429862976
"AQ","2026-02-25T10:00:00.000000",2.11466121673584
"AQ","2026-02-25T11:00:00.000000",2.01801156997681
"AQ","2026-02-25T12:00:00.000000",2.02411866188049
"AQ","2026-02-25T13:00:00.000000",2.03095054626465
"AQ","2026-02-25T14:00:00.000000",1.99133288860321
"AQ","2026-02-25T15:00:00.000000",1.97761845588684
"AQ","2026-02-25T16:00:00.000000",2.00076580047607
"AQ","2026-02-25T17:00:00.000000",2.00923633575439
"AQ","2026-02-25T18:00:00.000000",2.09422636032104
"AQ","2026-02-25T19:00:00.000000",2.17832326889038
"AQ","2026-02-25T20:00:00.000000",2.19280862808228
"AQ","2026-02-25T21:00:00.000000",2.20441222190857
"AQ","2026-02-25T22:00:00.000000",2.20943450927734
"AQ","2026-02-25T23:00:00.000000",2.21589803695679
"AQ","2026-02-26T00:00:00.000000",2.17213320732117
"AQ","2026-02-26T01:00:00.000000",2.11470580101013
"AQ","2026-02-26T02:00:00.000000",2.10145974159241
"AQ","2026-02-26T03:00:00.000000",2.0254499912262
"AQ","2026-02-26T04:00:00.000000",1.97270905971527
"AQ","2026-02-26T05:00:00.000000",1.96054887771606
"AQ","2026-02-26T06:00:00.000000",1.94338834285736
"AQ","2026-02-26T07:00:00.000000",1.96949923038483
"AQ","2026-02-26T08:00:00.000000",1.97799468040466
"AQ","2026-02-26T09:00:00.000000",1.97919392585754
"AQ","2026-02-26T10:00:00.000000",1.98121273517609
"AQ","2026-02-26T11:00:00.000000",1.98239278793335
"AQ","2026-02-26T12:00:00.000000",1.9329742193222
"AQ","2026-02-26T13:00:00.000000",1.94516098499298
"AQ","2026-02-26T14:00:00.000000",1.97644519805908
"AQ","2026-02-26T15:00:00.000000",1.96188473701477
"AQ","2026-02-26T16:00:00.000000",1.963294506073
"AQ","2026-02-26T17:00:00.000000",1.98679029941559
"AQ","2026-02-26T18:00:00.000000",2.01297092437744
"AQ","2026-02-26T19:00:00.000000",2.05798006057739
"AQ","2026-02-26T20:00:00.000000",2.07972240447998
"AQ","2026-02-26T21:00:00.000000",2.10133242607117
"AQ","2026-02-26T22:00:00.000000",2.13873791694641
"AQ","2026-02-26T23:00:00.000000",2.15616869926453
"AQ","2026-02-27T00:00:00.000000",2.17984938621521
"AQ","2026-02-27T01:00:00.000000",2.16536498069763
"AQ","2026-02-27T02:00:00.000000",2.11980128288269
"AQ","2026-02-27T03:00:00.000000",2.10293817520142
"AQ","2026-02-27T04:00:00.000000",2.11501932144165
"AQ","2026-02-27T05:00:00.000000",2.10410571098328
"AQ","2026-02-27T06:00:00.000000",2.11006641387939
"AQ","2026-02-27T07:00:00.000000",2.07674098014832
"AQ","2026-02-27T08:00:00.000000",2.01627373695374
"AQ","2026-02-27T09:00:00.000000",1.96469795703888
"AQ","2026-02-27T10:00:00.000000",1.97609198093414
"AQ","2026-02-27T11:00:00.000000",1.97040700912476
"AQ","2026-02-27T12:00:00.000000",1.93963539600372
"AQ","2026-02-27T13:00:00.000000",1.84503734111786
"AQ","2026-02-27T14:00:00.000000",1.86669814586639
"AQ","2026-02-27T15:00:00.000000",1.9016455411911
"AQ","2026-02-27T16:00:00.000000",2.00317692756653
"AQ","2026-02-27T17:00:00.000000",2.05090045928955
"AQ","2026-02-27T18:00:00.000000",2.07471919059753
"AQ","2026-02-27T19:00:00.000000",2.13701987266541
"AQ","2026-02-27T20:00:00.000000",2.13203430175781
"AQ","2026-02-27T21:00:00.000000",2.14071297645569
"AQ","2026-02-27T22:00:00.000000",2.16176915168762
"AQ","2026-02-27T23:00:00.000000",2.15189790725708
"AQ","2026-02-28T00:00:00.000000",2.12629103660583
"AQ","2026-02-28T01:00:00.000000",2.20146822929382
"AQ","2026-02-28T02:00:00.000000",2.19228935241699
"AQ","2026-02-28T03:00:00.000000",2.1286928653717
"AQ","2026-02-28T04:00:00.000000",2.13604021072388
"AQ","2026-02-28T05:00:00.000000",2.17620325088501
"AQ","2026-02-28T06:00:00.000000",2.18137454986572
"AQ","2026-02-28T07:00:00.000000",2.16468739509583
"AQ","2026-02-28T08:00:00.000000",2.12488150596619
"AQ","2026-02-28T09:00:00.000000",2.08908629417419
"AQ","2026-02-28T10:00:00.000000",2.07974314689636
"AQ","2026-02-28T11:00:00.000000",2.10321497917175
"AQ","2026-02-28T12:00:00.000000",2.11074590682983
"AQ","2026-02-28T13:00:00.000000",2.10060739517212
"AQ","2026-02-28T14:00:00.000000",2.11138939857483
"AQ","2026-02-28T15:00:00.000000",2.10919737815857
"AQ","2026-02-28T16:00:00.000000",2.14202451705933
"AQ","2026-02-28T17:00:00.000000",2.19714379310608
"AQ","2026-02-28T18:00:00.000000",2.25625061988831
"AQ","2026-02-28T19:00:00.000000",2.29608345031738
"AQ","2026-02-28T20:00:00.000000",2.35706090927124
"AQ","2026-02-28T21:00:00.000000",2.41484308242798
"AQ","2026-02-28T22:00:00.000000",2.41325974464417
"AQ","2026-02-28T23:00:00.000000",2.41102313995361
"AQ","2026-03-01T00:00:00.000000",2.38254451751709
"AQ","2026-03-01T01:00:00.000000",2.35969614982605
"AQ","2026-03-01T02:00:00.000000",2.36752510070801
"AQ","2026-03-01T03:00:00.000000",2.39097905158997
"AQ","2026-03-01T04:00:00.000000",2.36483883857727
"AQ","2026-03-01T05:00:00.000000",2.36621308326721
"AQ","2026-03-01T06:00:00.000000",2.37034511566162
"AQ","2026-03-01T07:00:00.000000",2.35937690734863
"AQ","2026-03-01T08:00:00.000000",2.3474006652832
"AQ","2026-03-01T09:00:00.000000",2.34233212471008
"AQ","2026-03-01T10:00:00.000000",2.32825088500977
"AQ","2026-03-01T11:00:00.000000",2.29647827148438
"AQ","2026-03-01T12:00:00.000000",2.27511858940125
"AQ","2026-03-01T13:00:00.000000",2.26424813270569
"AQ","2026-03-01T14:00:00.000000",2.27064251899719
"AQ","2026-03-01T15:00:00.000000",2.27429866790771
"AQ","2026-03-01T16:00:00.000000",2.26043391227722
"AQ","2026-03-01T17:00:00.000000",2.29304647445679
"AQ","2026-03-01T18:00:00.000000",2.34246134757996
"AQ","2026-03-01T19:00:00.000000",2.38180160522461
"AQ","2026-03-01T20:00:00.000000",2.38808298110962
"AQ","2026-03-01T21:00:00.000000",2.39694976806641
"AQ","2026-03-01T22:00:00.000000",2.41049456596375
"AQ","2026-03-01T23:00:00.000000",2.41014575958252
"AQ","2026-03-02T00:00:00.000000",2.38617706298828
"AQ","2026-03-02T01:00:00.000000",2.36765742301941
"AQ","2026-03-02T02:00:00.000000",2.34407663345337
"AQ","2026-03-02T03:00:00.000000",2.32744193077087
"AQ","2026-03-02T04:00:00.000000",2.23820638656616
"AQ","2026-03-02T05:00:00.000000",2.19861578941345
"AQ","2026-03-02T06:00:00.000000",2.18747138977051
"AQ","2026-03-02T07:00:00.000000",2.19788193702698
"AQ","2026-03-02T08:00:00.000000",2.15649461746216
"AQ","2026-03-02T09:00:00.000000",2.12986421585083
"AQ","2026-03-02T10:00:00.000000",2.10112118721008
"AQ","2026-03-02T11:00:00.000000",2.04463720321655
"AQ","2026-03-02T12:00:00.000000",1.9896491765976
"AQ","2026-03-02T13:00:00.000000",1.97137188911438
"AQ","2026-03-02T14:00:00.000000",1.96455550193787
"AQ","2026-03-02T15:00:00.000000",1.96961426734924
"AQ","2026-03-02T16:00:00.000000",1.93361461162567
"AQ","2026-03-02T17:00:00.000000",1.96373951435089
"AQ","2026-03-02T18:00:00.000000",2.04356122016907
"AQ","2026-03-02T19:00:00.000000",2.10432624816895
"AQ","2026-03-02T20:00:00.000000",2.14413905143738
"AQ","2026-03-02T21:00:00.000000",2.144864320755
"AQ","2026-03-02T22:00:00.000000",2.15340209007263
"AQ","2026-03-02T23:00:00.000000",2.15428853034973
"AQ","2026-03-03T00:00:00.000000",2.14989638328552
"CB","2026-02-25T00:00:00.000000",2.64384913444519
"CB","2026-02-25T01:00:00.000000",2.64738297462463
"CB","2026-02-25T02:00:00.000000",2.64062905311584
"CB","2026-02-25T03:00:00.000000",2.64862251281738
"CB","2026-02-25T04:00:00.000000",2.64804267883301
"CB","2026-02-25T05:00:00.000000",2.64687561988831
"CB","2026-02-25T06:00:00.000000",2.65715503692627
"CB","2026-02-25T07:00:00.000000",2.65464353561401
"CB","2026-02-25T08:00:00.000000",2.60265302658081
"CB","2026-02-25T09:00:00.000000",2.55878138542175
"CB","2026-02-25T10:00:00.000000",2.53604578971863
"CB","2026-02-25T11:00:00.000000",2.54813742637634
"CB","2026-02-25T12:00:00.000000",2.56957197189331
"CB","2026-02-25T13:00:00.000000",2.60033106803894
"CB","2026-02-25T14:00:00.000000",2.61523938179016
"CB","2026-02-25T15:00:00.000000",2.61801648139954
"CB","2026-02-25T16:00:00.000000",2.62550663948059
"CB","2026-02-25T17:00:00.000000",2.62511253356934
"CB","2026-02-25T18:00:00.000000",2.62602829933167
"CB","2026-02-25T19:00:00.000000",2.63606929779053
"CB","2026-02-25T20:00:00.000000",2.65890908241272
"CB","2026-02-25T21:00:00.000000",2.67760157585144
"CB","2026-02-25T22:00:00.000000",2.6832013130188
"CB","2026-02-25T23:00:00.000000",2.67338252067566
"CB","2026-02-26T00:00:00.000000",2.6427800655365
"CB","2026-02-26T01:00:00.000000",2.16058850288391
"CB","2026-02-26T02:00:00.000000",2.09352421760559
"CB","2026-02-26T03:00:00.000000",2.09301829338074
"CB","2026-02-26T04:00:00.000000",2.08777260780334
"CB","2026-02-26T05:00:00.000000",2.08689117431641
"CB","2026-02-26T06:00:00.000000",2.09141135215759
"CB","2026-02-26T07:00:00.000000",2.10218811035156
"CB","2026-02-26T08:00:00.000000",2.15478706359863
"CB","2026-02-26T09:00:00.000000",2.22165393829346
"CB","2026-02-26T10:00:00.000000",2.25738215446472
"CB","2026-02-26T11:00:00.000000",2.2559916973114
"CB","2026-02-26T12:00:00.000000",2.23673963546753
"CB","2026-02-26T13:00:00.000000",2.18010950088501
"CB","2026-02-26T14:00:00.000000",2.15701818466187
"CB","2026-02-26T15:00:00.000000",2.16079831123352
"CB","2026-02-26T16:00:00.000000",2.15905117988586
"CB","2026-02-26T17:00:00.000000",2.15909194946289
"CB","2026-02-26T18:00:00.000000",2.15987920761108
"CB","2026-02-26T19:00:00.000000",2.16193056106567
"CB","2026-02-26T20:00:00.000000",2.16951751708984
"CB","2026-02-26T21:00:00.000000",2.2306809425354
"CB","2026-02-26T22:00:00.000000",2.34137678146362
"CB","2026-02-26T23:00:00.000000",2.41441297531128
"CB","2026-02-27T00:00:00.000000",2.43294286727905
"CB","2026-02-27T01:00:00.000000",2.36236333847046
"CB","2026-02-27T02:00:00.000000",2.32134485244751
"CB","2026-02-27T03:00:00.000000",2.28225302696228
"CB","2026-02-27T04:00:00.000000",2.25932860374451
"CB","2026-02-27T05:00:00.000000",2.25278306007385
"CB","2026-02-27T06:00:00.000000",2.24810814857483
"CB","2026-02-27T07:00:00.000000",2.25086140632629
"CB","2026-02-27T08:00:00.000000",2.25912976264954
"CB","2026-02-27T09:00:00.000000",2.25839638710022
"CB","2026-02-27T10:00:00.000000",2.24591612815857
"CB","2026-02-27T11:00:00.000000",2.24048352241516
"CB","2026-02-27T12:00:00.000000",2.23320150375366
"CB","2026-02-27T13:00:00.000000",2.23242926597595
"CB","2026-02-27T14:00:00.000000",2.24620485305786
"CB","2026-02-27T15:00:00.000000",2.26691126823425
"CB","2026-02-27T16:00:00.000000",2.2808313369751
"CB","2026-02-27T17:00:00.000000",2.2767915725708
"CB","2026-02-27T18:00:00.000000",2.27868247032166
"CB","2026-02-27T19:00:00.000000",2.27926206588745
"CB","2026-02-27T20:00:00.000000",2.27830576896667
"CB","2026-02-27T21:00:00.000000",2.28410792350769
"CB","2026-02-27T22:00:00.000000",2.34671688079834
"CB","2026-02-27T23:00:00.000000",2.41612982749939
"CB","2026-02-28T00:00:00.000000",2.44309043884277
"CB","2026-02-28T01:00:00.000000",2.55845808982849
"CB","2026-02-28T02:00:00.000000",2.55657267570496
"CB","2026-02-28T03:00:00.000000",2.4851987361908
"CB","2026-02-28T04:00:00.000000",2.43629908561707
"CB","2026-02-28T05:00:00.000000",2.41179633140564
"CB","2026-02-28T06:00:00.000000",2.40033411979675
"CB","2026-02-28T07:00:00.000000",2.39982676506042
"CB","2026-02-28T08:00:00.000000",2.39915919303894
"CB","2026-02-28T09:00:00.000000",2.41148924827576
"CB","2026-02-28T10:00:00.000000",2.45860934257507
"CB","2026-02-28T11:00:00.000000",2.52885985374451
"CB","2026-02-28T12:00:00.000000",2.63353538513184
"CB","2026-02-28T13:00:00.000000",2.65049028396606
"CB","2026-02-28T14:00:00.000000",2.609708070755
"CB","2026-02-28T15:00:00.000000",2.53601360321045
"CB","2026-02-28T16:00:00.000000",2.49581837654114
"CB","2026-02-28T17:00:00.000000",2.45967221260071
"CB","2026-02-28T18:00:00.000000",2.45583772659302
"CB","2026-02-28T19:00:00.000000",2.45867419242859
"CB","2026-02-28T20:00:00.000000",2.46312785148621
"CB","2026-02-28T21:00:00.000000",2.45994758605957
"CB","2026-02-28T22:00:00.000000",2.46711778640747
"CB","2026-02-28T23:00:00.000000",2.5604932308197
"CB","2026-03-01T00:00:00.000000",2.77800607681274
"CB","2026-03-01T01:00:00.000000",2.90475082397461
"CB","2026-03-01T02:00:00.000000",2.92417454719543
"CB","2026-03-01T03:00:00.000000",2.89115405082703
"CB","2026-03-01T04:00:00.000000",2.77392506599426
"CB","2026-03-01T05:00:00.000000",2.6559796333313
"CB","2026-03-01T06:00:00.000000",2.58046507835388
"CB","2026-03-01T07:00:00.000000",2.55499958992004
"CB","2026-03-01T08:00:00.000000",2.54900050163269
"CB","2026-03-01T09:00:00.000000",2.55005025863647
"CB","2026-03-01T10:00:00.000000",2.56208801269531
"CB","2026-03-01T11:00:00.000000",2.62106680870056
"CB","2026-03-01T12:00:00.000000",2.73462414741516
"CB","2026-03-01T13:00:00.000000",2.8207094669342
"CB","2026-03-01T14:00:00.000000",2.84674024581909
"CB","2026-03-01T15:00:00.000000",2.83826375007629
"CB","2026-03-01T16:00:00.000000",2.76190161705017
"CB","2026-03-01T17:00:00.000000",2.71427702903748
"CB","2026-03-01T18:00:00.000000",2.6646466255188
"CB","2026-03-01T19:00:00.000000",2.64429926872253
"CB","2026-03-01T20:00:00.000000",2.64858198165894
"CB","2026-03-01T21:00:00.000000",2.64600706100464
"CB","2026-03-01T22:00:00.000000",2.64063906669617
"CB","2026-03-01T23:00:00.000000",2.65061640739441
"CB","2026-03-02T00:00:00.000000",2.69653487205505
"CB","2026-03-02T01:00:00.000000",2.73013925552368
"CB","2026-03-02T02:00:00.000000",2.73635768890381
"CB","2026-03-02T03:00:00.000000",2.73674201965332
"CB","2026-03-02T04:00:00.000000",2.73738646507263
"CB","2026-03-02T05:00:00.000000",2.71467971801758
"CB","2026-03-02T06:00:00.000000",2.70466637611389
"CB","2026-03-02T07:00:00.000000",2.69207262992859
"CB","2026-03-02T08:00:00.000000",2.67733025550842
"CB","2026-03-02T09:00:00.000000",2.68086791038513
"CB","2026-03-02T10:00:00.000000",2.67437148094177
"CB","2026-03-02T11:00:00.000000",2.67861700057983
"CB","2026-03-02T12:00:00.000000",2.73457312583923
"CB","2026-03-02T13:00:00.000000",2.74000453948975
"CB","2026-03-02T14:00:00.000000",2.73350381851196
"CB","2026-03-02T15:00:00.000000",2.73490166664124
"CB","2026-03-02T16:00:00.000000",2.73890662193298
"CB","2026-03-02T17:00:00.000000",2.76603484153748
"CB","2026-03-02T18:00:00.000000",2.77710390090942
"CB","2026-03-02T19:00:00.000000",2.76700782775879
"CB","2026-03-02T20:00:00.000000",2.76190781593323
"CB","2026-03-02T21:00:00.000000",2.76730918884277
"CB","2026-03-02T22:00:00.000000",2.76458811759949
"CB","2026-03-02T23:00:00.000000",2.76199316978455
"CB","2026-03-03T00:00:00.000000",2.77061057090759
"DC","2026-02-25T00:00:00.000000",2.76152014732361
"DC","2026-02-25T01:00:00.000000",2.80377960205078
"DC","2026-02-25T02:00:00.000000",2.80377960205078
"DC","2026-02-25T03:00:00.000000",2.80377960205078
"DC","2026-02-25T04:00:00.000000",2.80377960205078
"DC","2026-02-25T05:00:00.000000",2.80377960205078
"DC","2026-02-25T06:00:00.000000",2.70513582229614
"DC","2026-02-25T07:00:00.000000",2.64191174507141
"DC","2026-02-25T08:00:00.000000",2.59010314941406
"DC","2026-02-25T09:00:00.000000",2.59203314781189
"DC","2026-02-25T10:00:00.000000",2.63557553291321
"DC","2026-02-25T11:00:00.000000",2.65599012374878
"DC","2026-02-25T12:00:00.000000",2.65023064613342
"DC","2026-02-25T13:00:00.000000",2.6609411239624
"DC","2026-02-25T14:00:00.000000",2.67978286743164
"DC","2026-02-25T15:00:00.000000",2.67978286743164
"DC","2026-02-25T16:00:00.000000",2.67978286743164
"DC","2026-02-25T17:00:00.000000",2.67978286743164
"DC","2026-02-25T18:00:00.000000",2.67978286743164
"DC","2026-02-25T19:00:00.000000",2.80331826210022
"DC","2026-02-25T20:00:00.000000",2.77217149734497
"DC","2026-02-25T21:00:00.000000",2.78064775466919
"DC","2026-02-25T22:00:00.000000",2.77932524681091
"DC","2026-02-25T23:00:00.000000",2.74808239936829
"DC","2026-02-26T00:00:00.000000",2.72507262229919
"DC","2026-02-26T01:00:00.000000",2.27261734008789
"DC","2026-02-26T02:00:00.000000",2.16992521286011
"DC","2026-02-26T03:00:00.000000",2.23252868652344
"DC","2026-02-26T04:00:00.000000",2.23252868652344
"DC","2026-02-26T05:00:00.000000",2.23252868652344
"DC","2026-02-26T06:00:00.000000",2.23252868652344
"DC","2026-02-26T07:00:00.000000",2.24013543128967
"DC","2026-02-26T08:00:00.000000",2.26035356521606
"DC","2026-02-26T09:00:00.000000",2.2474148273468
"DC","2026-02-26T10:00:00.000000",2.25338935852051
"DC","2026-02-26T11:00:00.000000",2.27700471878052
"DC","2026-02-26T12:00:00.000000",2.26616668701172
"DC","2026-02-26T13:00:00.000000",2.24902844429016
"DC","2026-02-26T14:00:00.000000",2.21706056594849
"DC","2026-02-26T15:00:00.000000",2.24404048919678
"DC","2026-02-26T16:00:00.000000",2.24404048919678
"DC","2026-02-26T17:00:00.000000",2.24404048919678
"DC","2026-02-26T18:00:00.000000",2.24404048919678
"DC","2026-02-26T19:00:00.000000",2.24404048919678
"DC","2026-02-26T20:00:00.000000",2.24404048919678
"DC","2026-02-26T21:00:00.000000",2.46225190162659
"DC","2026-02-26T22:00:00.000000",2.47976136207581
"DC","2026-02-26T23:00:00.000000",2.49155068397522
"DC","2026-02-27T00:00:00.000000",2.52559614181519
"DC","2026-02-27T01:00:00.000000",2.49377536773682
"DC","2026-02-27T02:00:00.000000",2.48270034790039
"DC","2026-02-27T03:00:00.000000",2.47616291046143
"DC","2026-02-27T04:00:00.000000",2.47559261322021
"DC","2026-02-27T05:00:00.000000",2.47559261322021
"DC","2026-02-27T06:00:00.000000",2.47559261322021
"DC","2026-02-27T07:00:00.000000",2.47559261322021
"DC","2026-02-27T08:00:00.000000",2.47559261322021
"DC","2026-02-27T09:00:00.000000",2.28745651245117
"DC","2026-02-27T10:00:00.000000",2.25995683670044
"DC","2026-02-27T11:00:00.000000",2.25102210044861
"DC","2026-02-27T12:00:00.000000",2.2679750919342
"DC","2026-02-27T13:00:00.000000",2.28618288040161
"DC","2026-02-27T14:00:00.000000",2.31257367134094
"DC","2026-02-27T15:00:00.000000",2.33773875236511
"DC","2026-02-27T16:00:00.000000",2.36111402511597
"DC","2026-02-27T17:00:00.000000",2.36111402511597
"DC","2026-02-27T18:00:00.000000",2.36111402511597
"DC","2026-02-27T19:00:00.000000",2.36111402511597
"DC","2026-02-27T20:00:00.000000",2.36111402511597
"DC","2026-02-27T21:00:00.000000",2.36111402511597
"DC","2026-02-27T22:00:00.000000",2.57865405082703
"DC","2026-02-27T23:00:00.000000",2.57121086120605
"DC","2026-02-28T00:00:00.000000",2.56350803375244
"DC","2026-02-28T01:00:00.000000",2.73655271530151
"DC","2026-02-28T02:00:00.000000",2.73721504211426
"DC","2026-02-28T03:00:00.000000",2.680659532547
"DC","2026-02-28T04:00:00.000000",2.60699701309204
"DC","2026-02-28T05:00:00.000000",2.77430057525635
"DC","2026-02-28T06:00:00.000000",2.77430057525635
"DC","2026-02-28T07:00:00.000000",2.77430057525635
"DC","2026-02-28T08:00:00.000000",2.77430057525635
"DC","2026-02-28T09:00:00.000000",2.77430057525635
"DC","2026-02-28T10:00:00.000000",2.79212307929993
"DC","2026-02-28T11:00:00.000000",2.80457353591919
"DC","2026-02-28T12:00:00.000000",2.84238982200623
"DC","2026-02-28T13:00:00.000000",2.89292430877686
"DC","2026-02-28T14:00:00.000000",2.89071917533875
"DC","2026-02-28T15:00:00.000000",2.80877113342285
"DC","2026-02-28T16:00:00.000000",2.69591450691223
"DC","2026-02-28T17:00:00.000000",2.70840549468994
"DC","2026-02-28T18:00:00.000000",2.70840549468994
"DC","2026-02-28T19:00:00.000000",2.70840549468994
"DC","2026-02-28T20:00:00.000000",2.70840549468994
"DC","2026-02-28T21:00:00.000000",2.70840549468994
"DC","2026-02-28T22:00:00.000000",2.70840549468994
"DC","2026-02-28T23:00:00.000000",3.12562251091003
"DC","2026-03-01T00:00:00.000000",3.12482190132141
"DC","2026-03-01T01:00:00.000000",3.11535429954529
"DC","2026-03-01T02:00:00.000000",3.13104510307312
"DC","2026-03-01T03:00:00.000000",3.10843586921692
"DC","2026-03-01T04:00:00.000000",3.05802512168884
"DC","2026-03-01T05:00:00.000000",2.98185658454895
"DC","2026-03-01T06:00:00.000000",2.94189643859863
"DC","2026-03-01T07:00:00.000000",2.94189643859863
"DC","2026-03-01T08:00:00.000000",2.94189643859863
"DC","2026-03-01T09:00:00.000000",2.94189643859863
"DC","2026-03-01T10:00:00.000000",2.94189643859863
"DC","2026-03-01T11:00:00.000000",2.9738461971283
"DC","2026-03-01T12:00:00.000000",2.95814299583435
"DC","2026-03-01T13:00:00.000000",2.96429991722107
"DC","2026-03-01T14:00:00.000000",2.98197340965271
"DC","2026-03-01T15:00:00.000000",2.9738495349884
"DC","2026-03-01T16:00:00.000000",2.96447992324829
"DC","2026-03-01T17:00:00.000000",2.97783350944519
"DC","2026-03-01T18:00:00.000000",2.94718027114868
"DC","2026-03-01T19:00:00.000000",2.94718027114868
"DC","2026-03-01T20:00:00.000000",2.94718027114868
"DC","2026-03-01T21:00:00.000000",2.94718027114868
"DC","2026-03-01T22:00:00.000000",2.94718027114868
"DC","2026-03-01T23:00:00.000000",2.94718027114868
"DC","2026-03-02T00:00:00.000000",2.78081321716309
"DC","2026-03-02T01:00:00.000000",2.75726842880249
"DC","2026-03-02T02:00:00.000000",2.74545741081238
"DC","2026-03-02T03:00:00.000000",2.75265002250671
"DC","2026-03-02T04:00:00.000000",2.76081848144531
"DC","2026-03-02T05:00:00.000000",2.76431560516357
"DC","2026-03-02T06:00:00.000000",2.75883674621582
"DC","2026-03-02T07:00:00.000000",2.76688861846924
"DC","2026-03-02T08:00:00.000000",2.76688861846924
"DC","2026-03-02T09:00:00.000000",2.76688861846924
"DC","2026-03-02T10:00:00.000000",2.76688861846924
"DC","2026-03-02T11:00:00.000000",2.76688861846924
"DC","2026-03-02T12:00:00.000000",2.68761920928955
"DC","2026-03-02T13:00:00.000000",2.67359614372253
"DC","2026-03-02T14:00:00.000000",2.7034649848938
"DC","2026-03-02T15:00:00.000000",2.74479055404663
"DC","2026-03-02T16:00:00.000000",2.76367163658142
"DC","2026-03-02T17:00:00.000000",2.78323340415955
"DC","2026-03-02T18:00:00.000000",2.82038354873657
"DC","2026-03-02T19:00:00.000000",2.83845996856689
"DC","2026-03-02T20:00:00.000000",2.83845996856689
"DC","2026-03-02T21:00:00.000000",2.83845996856689
"DC","2026-03-02T22:00:00.000000",2.83845996856689
"DC","2026-03-02T23:00:00.000000",2.83845996856689
"DC","2026-03-03T00:00:00.000000",2.83845996856689
"SH","2026-02-25T00:00:00.000000",1.78166818618774
"SH","2026-02-25T01:00:00.000000",1.40387558937073
"SH","2026-02-25T02:00:00.000000",1.34373617172241
"SH","2026-02-25T03:00:00.000000",1.33611106872559
"SH","2026-02-25T04:00:00.000000",1.33611106872559
"SH","2026-02-25T05:00:00.000000",1.33611106872559
"SH","2026-02-25T06:00:00.000000",1.35451722145081
"SH","2026-02-25T07:00:00.000000",1.3256870508194
"SH","2026-02-25T08:00:00.000000",1.32962346076965
"SH","2026-02-25T09:00:00.000000",1.3246476650238
"SH","2026-02-25T10:00:00.000000",1.32356894016266
"SH","2026-02-25T11:00:00.000000",1.29967653751373
"SH","2026-02-25T12:00:00.000000",1.31128168106079
"SH","2026-02-25T13:00:00.000000",1.32715165615082
"SH","2026-02-25T14:00:00.000000",1.33964383602142
"SH","2026-02-25T15:00:00.000000",1.34757518768311
"SH","2026-02-25T16:00:00.000000",1.34757518768311
"SH","2026-02-25T17:00:00.000000",1.34757518768311
"SH","2026-02-25T18:00:00.000000",1.34757518768311
"SH","2026-02-25T19:00:00.000000",1.50034463405609
"SH","2026-02-25T20:00:00.000000",1.53419363498688
"SH","2026-02-25T21:00:00.000000",1.57933020591736
"SH","2026-02-25T22:00:00.000000",1.63432049751282
"SH","2026-02-25T23:00:00.000000",1.64087450504303
"SH","2026-02-26T00:00:00.000000",1.63169145584106
"SH","2026-02-26T01:00:00.000000",1.53115391731262
"SH","2026-02-26T02:00:00.000000",1.50922548770905
"SH","2026-02-26T03:00:00.000000",1.5181325674057
"SH","2026-02-26T04:00:00.000000",1.51251888275146
"SH","2026-02-26T05:00:00.000000",1.51014423370361
"SH","2026-02-26T06:00:00.000000",1.51014423370361
"SH","2026-02-26T07:00:00.000000",1.68963599205017
"SH","2026-02-26T08:00:00.000000",1.68517374992371
"SH","2026-02-26T09:00:00.000000",1.68200516700745
"SH","2026-02-26T10:00:00.000000",1.68296897411346
"SH","2026-02-26T11:00:00.000000",1.67770004272461
"SH","2026-02-26T12:00:00.000000",1.67025339603424
"SH","2026-02-26T13:00:00.000000",1.67824053764343
"SH","2026-02-26T14:00:00.000000",1.68017220497131
"SH","2026-02-26T15:00:00.000000",1.68951272964478
"SH","2026-02-26T16:00:00.000000",1.6824369430542
"SH","2026-02-26T17:00:00.000000",1.67603397369385
"SH","2026-02-26T18:00:00.000000",1.67603397369385
"SH","2026-02-26T19:00:00.000000",1.67603397369385
"SH","2026-02-26T20:00:00.000000",1.67603397369385
"SH","2026-02-26T21:00:00.000000",1.82766938209534
"SH","2026-02-26T22:00:00.000000",1.83036398887634
"SH","2026-02-26T23:00:00.000000",1.84215152263641
"SH","2026-02-27T00:00:00.000000",1.83631896972656
"SH","2026-02-27T01:00:00.000000",1.59755086898804
"SH","2026-02-27T02:00:00.000000",1.59930384159088
"SH","2026-02-27T03:00:00.000000",1.6412250995636
"SH","2026-02-27T04:00:00.000000",1.69344508647919
"SH","2026-02-27T05:00:00.000000",1.69384622573853
"SH","2026-02-27T06:00:00.000000",1.69384622573853
"SH","2026-02-27T07:00:00.000000",1.69384622573853
"SH","2026-02-27T08:00:00.000000",1.69942104816437
"SH","2026-02-27T09:00:00.000000",1.6913970708847
"SH","2026-02-27T10:00:00.000000",1.68630456924438
"SH","2026-02-27T11:00:00.000000",1.65378224849701
"SH","2026-02-27T12:00:00.000000",1.62770354747772
"SH","2026-02-27T13:00:00.000000",1.59030783176422
"SH","2026-02-27T14:00:00.000000",1.60888612270355
"SH","2026-02-27T15:00:00.000000",1.65944361686707
"SH","2026-02-27T16:00:00.000000",1.68169355392456
"SH","2026-02-27T17:00:00.000000",1.68749856948853
"SH","2026-02-27T18:00:00.000000",1.67751169204712
"SH","2026-02-27T19:00:00.000000",1.67751169204712
"SH","2026-02-27T20:00:00.000000",1.67751169204712
"SH","2026-02-27T21:00:00.000000",1.67751169204712
"SH","2026-02-27T22:00:00.000000",1.79137051105499
"SH","2026-02-27T23:00:00.000000",1.7858020067215
"SH","2026-02-28T00:00:00.000000",1.7892974615097
"SH","2026-02-28T01:00:00.000000",2.040766954422
"SH","2026-02-28T02:00:00.000000",1.99798548221588
"SH","2026-02-28T03:00:00.000000",1.99276828765869
"SH","2026-02-28T04:00:00.000000",2.03347754478455
"SH","2026-02-28T05:00:00.000000",2.03735065460205
"SH","2026-02-28T06:00:00.000000",2.03861904144287
"SH","2026-02-28T07:00:00.000000",2.03958415985107
"SH","2026-02-28T08:00:00.000000",2.03958415985107
"SH","2026-02-28T09:00:00.000000",2.03669357299805
"SH","2026-02-28T10:00:00.000000",2.00699090957642
"SH","2026-02-28T11:00:00.000000",2.01443076133728
"SH","2026-02-28T12:00:00.000000",1.98818552494049
"SH","2026-02-28T13:00:00.000000",1.97938597202301
"SH","2026-02-28T14:00:00.000000",1.94236075878143
"SH","2026-02-28T15:00:00.000000",1.94717299938202
"SH","2026-02-28T16:00:00.000000",1.99084568023682
"SH","2026-02-28T17:00:00.000000",2.01241827011108
"SH","2026-02-28T18:00:00.000000",2.02752375602722
"SH","2026-02-28T19:00:00.000000",2.03040742874146
"SH","2026-02-28T20:00:00.000000",2.0307092666626
"SH","2026-02-28T21:00:00.000000",2.0307092666626
"SH","2026-02-28T22:00:00.000000",2.0307092666626
"SH","2026-02-28T23:00:00.000000",2.14560294151306
"SH","2026-03-01T00:00:00.000000",2.14873313903809
"SH","2026-03-01T01:00:00.000000",2.14055418968201
"SH","2026-03-01T02:00:00.000000",2.13356757164001
"SH","2026-03-01T03:00:00.000000",2.07023024559021
"SH","2026-03-01T04:00:00.000000",2.07078814506531
"SH","2026-03-01T05:00:00.000000",2.124178647995
"SH","2026-03-01T06:00:00.000000",2.13113760948181
"SH","2026-03-01T07:00:00.000000",2.13536214828491
"SH","2026-03-01T08:00:00.000000",2.13536214828491
"SH","2026-03-01T09:00:00.000000",2.13536214828491
"SH","2026-03-01T10:00:00.000000",2.13536214828491
"SH","2026-03-01T11:00:00.000000",2.12869071960449
"SH","2026-03-01T12:00:00.000000",2.14557504653931
"SH","2026-03-01T13:00:00.000000",2.11822104454041
"SH","2026-03-01T14:00:00.000000",2.11063027381897
"SH","2026-03-01T15:00:00.000000",2.08250737190247
"SH","2026-03-01T16:00:00.000000",2.07503867149353
"SH","2026-03-01T17:00:00.000000",2.1151111125946
"SH","2026-03-01T18:00:00.000000",2.12727522850037
"SH","2026-03-01T19:00:00.000000",2.13473892211914
"SH","2026-03-01T20:00:00.000000",2.13477039337158
"SH","2026-03-01T21:00:00.000000",2.13477039337158
"SH","2026-03-01T22:00:00.000000",2.13477039337158
"SH","2026-03-01T23:00:00.000000",2.13477039337158
"SH","2026-03-02T00:00:00.000000",2.22812294960022
"SH","2026-03-02T01:00:00.000000",2.25352334976196
"SH","2026-03-02T02:00:00.000000",2.25709533691406
"SH","2026-03-02T03:00:00.000000",2.25613832473755
"SH","2026-03-02T04:00:00.000000",2.19801259040833
"SH","2026-03-02T05:00:00.000000",2.205970287323
"SH","2026-03-02T06:00:00.000000",2.24969553947449
"SH","2026-03-02T07:00:00.000000",2.25120162963867
"SH","2026-03-02T08:00:00.000000",2.25105285644531
"SH","2026-03-02T09:00:00.000000",2.25105285644531
"SH","2026-03-02T10:00:00.000000",2.25105285644531
"SH","2026-03-02T11:00:00.000000",2.25105285644531
"SH","2026-03-02T12:00:00.000000",1.8752110004425
"SH","2026-03-02T13:00:00.000000",1.77651214599609
"SH","2026-03-02T14:00:00.000000",1.71037256717682
"SH","2026-03-02T15:00:00.000000",1.73801803588867
"SH","2026-03-02T16:00:00.000000",1.69312942028046
"SH","2026-03-02T17:00:00.000000",1.64970970153809
"SH","2026-03-02T18:00:00.000000",1.70740926265717
"SH","2026-03-02T19:00:00.000000",1.77298474311829
"SH","2026-03-02T20:00:00.000000",1.90340757369995
"SH","2026-03-02T21:00:00.000000",1.90340757369995
"SH","2026-03-02T22:00:00.000000",1.90340757369995
"SH","2026-03-02T23:00:00.000000",1.90340757369995
"SH","2026-03-03T00:00:00.000000",1.89613473415375
"WB","2026-02-25T00:00:00.000000",2.33140158653259
"WB","2026-02-25T01:00:00.000000",2.35734581947327
"WB","2026-02-25T02:00:00.000000",2.34468388557434
"WB","2026-02-25T03:00:00.000000",2.33375310897827
"WB","2026-02-25T04:00:00.000000",2.3306839466095
"WB","2026-02-25T05:00:00.000000",2.33736705780029
"WB","2026-02-25T06:00:00.000000",2.31517958641052
"WB","2026-02-25T07:00:00.000000",2.2972686290741
"WB","2026-02-25T08:00:00.000000",2.27313208580017
"WB","2026-02-25T09:00:00.000000",2.21562767028809
"WB","2026-02-25T10:00:00.000000",2.14114356040955
"WB","2026-02-25T11:00:00.000000",2.14183807373047
"WB","2026-02-25T12:00:00.000000",2.16890597343445
"WB","2026-02-25T13:00:00.000000",2.18197727203369
"WB","2026-02-25T14:00:00.000000",2.20774865150452
"WB","2026-02-25T15:00:00.000000",2.20849823951721
"WB","2026-02-25T16:00:00.000000",2.19617247581482
"WB","2026-02-25T17:00:00.000000",2.1830747127533
"WB","2026-02-25T18:00:00.000000",2.19180202484131
"WB","2026-02-25T19:00:00.000000",2.20784616470337
"WB","2026-02-25T20:00:00.000000",2.22599339485168
"WB","2026-02-25T21:00:00.000000",2.26203775405884
"WB","2026-02-25T22:00:00.000000",2.29949593544006
"WB","2026-02-25T23:00:00.000000",2.3240487575531
"WB","2026-02-26T00:00:00.000000",2.33544182777405
"WB","2026-02-26T01:00:00.000000",2.18380355834961
"WB","2026-02-26T02:00:00.000000",2.16716170310974
"WB","2026-02-26T03:00:00.000000",2.17058730125427
"WB","2026-02-26T04:00:00.000000",2.1630871295929
"WB","2026-02-26T05:00:00.000000",2.15448331832886
"WB","2026-02-26T06:00:00.000000",2.14881587028503
"WB","2026-02-26T07:00:00.000000",2.14273643493652
"WB","2026-02-26T08:00:00.000000",2.13258171081543
"WB","2026-02-26T09:00:00.000000",2.12414646148682
"WB","2026-02-26T10:00:00.000000",2.11167311668396
"WB","2026-02-26T11:00:00.000000",2.03939509391785
"WB","2026-02-26T12:00:00.000000",1.98532092571259
"WB","2026-02-26T13:00:00.000000",1.99279618263245
"WB","2026-02-26T14:00:00.000000",2.01746559143066
"WB","2026-02-26T15:00:00.000000",2.05518126487732
"WB","2026-02-26T16:00:00.000000",2.08079624176025
"WB","2026-02-26T17:00:00.000000",2.09418392181396
"WB","2026-02-26T18:00:00.000000",2.0998547077179
"WB","2026-02-26T19:00:00.000000",2.11137843132019
"WB","2026-02-26T20:00:00.000000",2.12886786460876
"WB","2026-02-26T21:00:00.000000",2.14870548248291
"WB","2026-02-26T22:00:00.000000",2.17103886604309
"WB","2026-02-26T23:00:00.000000",2.17835235595703
"WB","2026-02-27T00:00:00.000000",2.16822552680969
"WB","2026-02-27T01:00:00.000000",2.11325478553772
"WB","2026-02-27T02:00:00.000000",2.09775853157043
"WB","2026-02-27T03:00:00.000000",2.08816409111023
"WB","2026-02-27T04:00:00.000000",2.09156084060669
"WB","2026-02-27T05:00:00.000000",2.09750390052795
"WB","2026-02-27T06:00:00.000000",2.11465978622437
"WB","2026-02-27T07:00:00.000000",2.09466910362244
"WB","2026-02-27T08:00:00.000000",2.07115006446838
"WB","2026-02-27T09:00:00.000000",2.04378938674927
"WB","2026-02-27T10:00:00.000000",1.99833929538727
"WB","2026-02-27T11:00:00.000000",1.98309516906738
"WB","2026-02-27T12:00:00.000000",1.99689507484436
"WB","2026-02-27T13:00:00.000000",2.02147674560547
"WB","2026-02-27T14:00:00.000000",1.95581316947937
"WB","2026-02-27T15:00:00.000000",1.99470210075378
"WB","2026-02-27T16:00:00.000000",2.02079343795776
"WB","2026-02-27T17:00:00.000000",2.04156613349915
"WB","2026-02-27T18:00:00.000000",2.04689264297485
"WB","2026-02-27T19:00:00.000000",2.0669379234314
"WB","2026-02-27T20:00:00.000000",2.12318229675293
"WB","2026-02-27T21:00:00.000000",2.16308927536011
"WB","2026-02-27T22:00:00.000000",2.1950900554657
"WB","2026-02-27T23:00:00.000000",2.22233629226685
"WB","2026-02-28T00:00:00.000000",2.21525287628174
"WB","2026-02-28T01:00:00.000000",2.29297757148743
"WB","2026-02-28T02:00:00.000000",2.28415608406067
"WB","2026-02-28T03:00:00.000000",2.30511975288391
"WB","2026-02-28T04:00:00.000000",2.30161142349243
"WB","2026-02-28T05:00:00.000000",2.31746888160706
"WB","2026-02-28T06:00:00.000000",2.32982301712036
"WB","2026-02-28T07:00:00.000000",2.32803153991699
"WB","2026-02-28T08:00:00.000000",2.32132720947266
"WB","2026-02-28T09:00:00.000000",2.2932231426239
"WB","2026-02-28T10:00:00.000000",2.26020050048828
"WB","2026-02-28T11:00:00.000000",2.22149443626404
"WB","2026-02-28T12:00:00.000000",2.20810604095459
"WB","2026-02-28T13:00:00.000000",2.21300792694092
"WB","2026-02-28T14:00:00.000000",2.16255569458008
"WB","2026-02-28T15:00:00.000000",2.14221358299255
"WB","2026-02-28T16:00:00.000000",2.17724847793579
"WB","2026-02-28T17:00:00.000000",2.2165699005127
"WB","2026-02-28T18:00:00.000000",2.2630615234375
"WB","2026-02-28T19:00:00.000000",2.2908661365509
"WB","2026-02-28T20:00:00.000000",2.30375075340271
"WB","2026-02-28T21:00:00.000000",2.32319259643555
"WB","2026-02-28T22:00:00.000000",2.35943746566772
"WB","2026-02-28T23:00:00.000000",2.39214968681335
"WB","2026-03-01T00:00:00.000000",2.42850279808044
"WB","2026-03-01T01:00:00.000000",2.44510364532471
"WB","2026-03-01T02:00:00.000000",2.43076586723328
"WB","2026-03-01T03:00:00.000000",2.42445635795593
"WB","2026-03-01T04:00:00.000000",2.46304416656494
"WB","2026-03-01T05:00:00.000000",2.48205542564392
"WB","2026-03-01T06:00:00.000000",2.49003720283508
"WB","2026-03-01T07:00:00.000000",2.49693012237549
"WB","2026-03-01T08:00:00.000000",2.50434947013855
"WB","2026-03-01T09:00:00.000000",2.49217867851257
"WB","2026-03-01T10:00:00.000000",2.46003794670105
"WB","2026-03-01T11:00:00.000000",2.43074917793274
"WB","2026-03-01T12:00:00.000000",2.37560176849365
"WB","2026-03-01T13:00:00.000000",2.34221792221069
"WB","2026-03-01T14:00:00.000000",2.33290100097656
"WB","2026-03-01T15:00:00.000000",2.373051404953
"WB","2026-03-01T16:00:00.000000",2.43760657310486
"WB","2026-03-01T17:00:00.000000",2.43306088447571
"WB","2026-03-01T18:00:00.000000",2.4346969127655
"WB","2026-03-01T19:00:00.000000",2.45190238952637
"WB","2026-03-01T20:00:00.000000",2.46740031242371
"WB","2026-03-01T21:00:00.000000",2.49195313453674
"WB","2026-03-01T22:00:00.000000",2.48856639862061
"WB","2026-03-01T23:00:00.000000",2.47174000740051
"WB","2026-03-02T00:00:00.000000",2.45514535903931
"WB","2026-03-02T01:00:00.000000",2.40789675712585
"WB","2026-03-02T02:00:00.000000",2.37206745147705
"WB","2026-03-02T03:00:00.000000",2.3708016872406
"WB","2026-03-02T04:00:00.000000",2.4402174949646
"WB","2026-03-02T05:00:00.000000",2.42895865440369
"WB","2026-03-02T06:00:00.000000",2.41744303703308
"WB","2026-03-02T07:00:00.000000",2.42348098754883
"WB","2026-03-02T08:00:00.000000",2.43878293037415
"WB","2026-03-02T09:00:00.000000",2.46664237976074
"WB","2026-03-02T10:00:00.000000",2.4054479598999
"WB","2026-03-02T11:00:00.000000",2.294682264328
"WB","2026-03-02T12:00:00.000000",2.21625304222107
"WB","2026-03-02T13:00:00.000000",2.12373471260071
"WB","2026-03-02T14:00:00.000000",2.05655550956726
"WB","2026-03-02T15:00:00.000000",2.09265971183777
"WB","2026-03-02T16:00:00.000000",2.14517879486084
"WB","2026-03-02T17:00:00.000000",2.08316731452942
"WB","2026-03-02T18:00:00.000000",2.1304042339325
"WB","2026-03-02T19:00:00.000000",2.15575957298279
"WB","2026-03-02T20:00:00.000000",2.17854881286621
"WB","2026-03-02T21:00:00.000000",2.1891918182373
"WB","2026-03-02T22:00:00.000000",2.21375679969788
"WB","2026-03-02T23:00:00.000000",2.21020889282227
"WB","2026-03-03T00:00:00.000000",2.19358491897583
"CC","2026-02-25T00:00:00.000000",0.379911750555038
"CC","2026-02-25T01:00:00.000000",-0.0409768484532833
"CC","2026-02-25T02:00:00.000000",-0.123962700366974
"CC","2026-02-25T03:00:00.000000",-0.151366636157036
"CC","2026-02-25T04:00:00.000000",-0.1746486723423
"CC","2026-02-25T05:00:00.000000",-0.195830598473549
"CC","2026-02-25T06:00:00.000000",-0.21419158577919
"CC","2026-02-25T07:00:00.000000",-0.225876420736313
"CC","2026-02-25T08:00:00.000000",-0.235054522752762
"CC","2026-02-25T09:00:00.000000",-0.23983795940876
"CC","2026-02-25T10:00:00.000000",-0.249227926135063
"CC","2026-02-25T11:00:00.000000",-0.227403789758682
"CC","2026-02-25T12:00:00.000000",-0.204449728131294
"CC","2026-02-25T13:00:00.000000",-0.190201565623283
"CC","2026-02-25T14:00:00.000000",-0.163830235600471
"CC","2026-02-25T15:00:00.000000",-0.125743210315704
"CC","2026-02-25T16:00:00.000000",-0.0877198725938797
"CC","2026-02-25T17:00:00.000000",-0.0499459765851498
"CC","2026-02-25T18:00:00.000000",-0.0117789786309004
"CC","2026-02-25T19:00:00.000000",0.0263635311275721
"CC","2026-02-25T20:00:00.000000",0.0605989545583725
"CC","2026-02-25T21:00:00.000000",0.0815594270825386
"CC","2026-02-25T22:00:00.000000",0.0855492129921913
"CC","2026-02-25T23:00:00.000000",0.0866692736744881
"CC","2026-02-26T00:00:00.000000",0.0879900380969048
"CC","2026-02-26T01:00:00.000000",-0.05985376983881
"CC","2026-02-26T02:00:00.000000",-0.107950910925865
"CC","2026-02-26T03:00:00.000000",-0.114345841109753
"CC","2026-02-26T04:00:00.000000",-0.125216618180275
"CC","2026-02-26T05:00:00.000000",-0.141947969794273
"CC","2026-02-26T06:00:00.000000",-0.139925092458725
"CC","2026-02-26T07:00:00.000000",-0.148287311196327
"CC","2026-02-26T08:00:00.000000",-0.167034894227982
"CC","2026-02-26T09:00:00.000000",-0.17568564414978
"CC","2026-02-26T10:00:00.000000",-0.194276332855225
"CC","2026-02-26T11:00:00.000000",-0.217713370919228
"CC","2026-02-26T12:00:00.000000",-0.237091347575188
"CC","2026-02-26T13:00:00.000000",-0.216113746166229
"CC","2026-02-26T14:00:00.000000",-0.147892445325851
"CC","2026-02-26T15:00:00.000000",-0.0675975531339645
"CC","2026-02-26T16:00:00.000000",-0.0184921380132437
"CC","2026-02-26T17:00:00.000000",0.0316235423088074
"CC","2026-02-26T18:00:00.000000",0.0907609164714813
"CC","2026-02-26T19:00:00.000000",0.131401926279068
"CC","2026-02-26T20:00:00.000000",0.14050455391407
"CC","2026-02-26T21:00:00.000000",0.136543869972229
"CC","2026-02-26T22:00:00.000000",0.127626806497574
"CC","2026-02-26T23:00:00.000000",0.124229170382023
"CC","2026-02-27T00:00:00.000000",0.122743107378483
"CC","2026-02-27T01:00:00.000000",0.108290314674377
"CC","2026-02-27T02:00:00.000000",0.105613596737385
"CC","2026-02-27T03:00:00.000000",0.103103660047054
"CC","2026-02-27T04:00:00.000000",0.0671666190028191
"CC","2026-02-27T05:00:00.000000",0.0390453636646271
"CC","2026-02-27T06:00:00.000000",0.00913633033633232
"CC","2026-02-27T07:00:00.000000",-0.0166805181652308
"CC","2026-02-27T08:00:00.000000",-0.0379382371902466
"CC","2026-02-27T09:00:00.000000",-0.0571693070232868
"CC","2026-02-27T10:00:00.000000",-0.074135884642601
"CC","2026-02-27T11:00:00.000000",-0.0925926864147186
"CC","2026-02-27T12:00:00.000000",-0.103804893791676
"CC","2026-02-27T13:00:00.000000",-0.0805059522390366
"CC","2026-02-27T14:00:00.000000",-0.00835990812629461
"CC","2026-02-27T15:00:00.000000",0.0844788700342178
"CC","2026-02-27T16:00:00.000000",0.175182983279228
"CC","2026-02-27T17:00:00.000000",0.261812895536423
"CC","2026-02-27T18:00:00.000000",0.323942899703979
"CC","2026-02-27T19:00:00.000000",0.349396198987961
"CC","2026-02-27T20:00:00.000000",0.364877313375473
"CC","2026-02-27T21:00:00.000000",0.366494059562683
"CC","2026-02-27T22:00:00.000000",0.349415689706802
"CC","2026-02-27T23:00:00.000000",0.319908320903778
"CC","2026-02-28T00:00:00.000000",0.29699370265007
"CC","2026-02-28T01:00:00.000000",0.445856422185898
"CC","2026-02-28T02:00:00.000000",0.433916091918945
"CC","2026-02-28T03:00:00.000000",0.422945737838745
"CC","2026-02-28T04:00:00.000000",0.407393842935562
"CC","2026-02-28T05:00:00.000000",0.394120961427689
"CC","2026-02-28T06:00:00.000000",0.375209420919418
"CC","2026-02-28T07:00:00.000000",0.354406088590622
"CC","2026-02-28T08:00:00.000000",0.332264274358749
"CC","2026-02-28T09:00:00.000000",0.315773069858551
"CC","2026-02-28T10:00:00.000000",0.302740931510925
"CC","2026-02-28T11:00:00.000000",0.293989926576614
"CC","2026-02-28T12:00:00.000000",0.289518684148788
"CC","2026-02-28T13:00:00.000000",0.290993630886078
"CC","2026-02-28T14:00:00.000000",0.305856078863144
"CC","2026-02-28T15:00:00.000000",0.342133074998856
"CC","2026-02-28T16:00:00.000000",0.402097404003143
"CC","2026-02-28T17:00:00.000000",0.480616480112076
"CC","2026-02-28T18:00:00.000000",0.566380739212036
"CC","2026-02-28T19:00:00.000000",0.639892935752869
"CC","2026-02-28T20:00:00.000000",0.686116099357605
"CC","2026-02-28T21:00:00.000000",0.714316666126251
"CC","2026-02-28T22:00:00.000000",0.733444511890411
"CC","2026-02-28T23:00:00.000000",0.745697379112244
"CC","2026-03-01T00:00:00.000000",0.751534521579742
"CC","2026-03-01T01:00:00.000000",0.752622783184052
"CC","2026-03-01T02:00:00.000000",0.752306282520294
"CC","2026-03-01T03:00:00.000000",0.751591980457306
"CC","2026-03-01T04:00:00.000000",0.749065160751343
"CC","2026-03-01T05:00:00.000000",0.745031595230103
"CC","2026-03-01T06:00:00.000000",0.742309868335724
"CC","2026-03-01T07:00:00.000000",0.735020875930786
"CC","2026-03-01T08:00:00.000000",0.71655261516571
"CC","2026-03-01T09:00:00.000000",0.689684808254242
"CC","2026-03-01T10:00:00.000000",0.665903866291046
"CC","2026-03-01T11:00:00.000000",0.648899018764496
"CC","2026-03-01T12:00:00.000000",0.641855955123901
"CC","2026-03-01T13:00:00.000000",0.645664513111115
"CC","2026-03-01T14:00:00.000000",0.659270346164703
"CC","2026-03-01T15:00:00.000000",0.679022431373596
"CC","2026-03-01T16:00:00.000000",0.703426718711853
"CC","2026-03-01T17:00:00.000000",0.735421478748322
"CC","2026-03-01T18:00:00.000000",0.777222335338593
"CC","2026-03-01T19:00:00.000000",0.818742871284485
"CC","2026-03-01T20:00:00.000000",0.843226850032806
"CC","2026-03-01T21:00:00.000000",0.842020630836487
"CC","2026-03-01T22:00:00.000000",0.837318122386932
"CC","2026-03-01T23:00:00.000000",0.832562565803528
"CC","2026-03-02T00:00:00.000000",0.831675589084625
"CC","2026-03-02T01:00:00.000000",0.834689378738403
"CC","2026-03-02T02:00:00.000000",0.83541339635849
"CC","2026-03-02T03:00:00.000000",0.827686309814453
"CC","2026-03-02T04:00:00.000000",0.809312045574188
"CC","2026-03-02T05:00:00.000000",0.784979522228241
"CC","2026-03-02T06:00:00.000000",0.756684958934784
"CC","2026-03-02T07:00:00.000000",0.729278326034546
"CC","2026-03-02T08:00:00.000000",0.697978138923645
"CC","2026-03-02T09:00:00.000000",0.660853207111359
"CC","2026-03-02T10:00:00.000000",0.623503684997559
"CC","2026-03-02T11:00:00.000000",0.592582523822784
"CC","2026-03-02T12:00:00.000000",0.566527307033539
"CC","2026-03-02T13:00:00.000000",0.549480795860291
"CC","2026-03-02T14:00:00.000000",0.549590706825256
"CC","2026-03-02T15:00:00.000000",0.577369630336761
"CC","2026-03-02T16:00:00.000000",0.630871176719666
"CC","2026-03-02T17:00:00.000000",0.696567356586456
"CC","2026-03-02T18:00:00.000000",0.762515366077423
"CC","2026-03-02T19:00:00.000000",0.825622618198395
"CC","2026-03-02T20:00:00.000000",0.878974556922913
"CC","2026-03-02T21:00:00.000000",0.904508292675018
"CC","2026-03-02T22:00:00.000000",0.896416544914246
"CC","2026-03-02T23:00:00.000000",0.875071883201599
"CC","2026-03-03T00:00:00.000000",0.853187680244446
"OB","2026-02-25T00:00:00.000000",0.436514288187027
"OB","2026-02-25T01:00:00.000000",0.485468059778214
"OB","2026-02-25T02:00:00.000000",0.484952449798584
"OB","2026-02-25T03:00:00.000000",0.482681840658188
"OB","2026-02-25T04:00:00.000000",0.47784286737442
"OB","2026-02-25T05:00:00.000000",0.425039619207382
"OB","2026-02-25T06:00:00.000000",0.387999922037125
"OB","2026-02-25T07:00:00.000000",0.429137289524078
"OB","2026-02-25T08:00:00.000000",0.459529370069504
"OB","2026-02-25T09:00:00.000000",0.465683847665787
"OB","2026-02-25T10:00:00.000000",0.439388275146484
"OB","2026-02-25T11:00:00.000000",0.429924160242081
"OB","2026-02-25T12:00:00.000000",0.431207656860352
"OB","2026-02-25T13:00:00.000000",0.434842705726624
"OB","2026-02-25T14:00:00.000000",0.447861075401306
"OB","2026-02-25T15:00:00.000000",0.452582865953445
"OB","2026-02-25T16:00:00.000000",0.454506665468216
"OB","2026-02-25T17:00:00.000000",0.45037516951561
"OB","2026-02-25T18:00:00.000000",0.515408515930176
"OB","2026-02-25T19:00:00.000000",0.547320127487183
"OB","2026-02-25T20:00:00.000000",0.574615895748138
"OB","2026-02-25T21:00:00.000000",0.567202031612396
"OB","2026-02-25T22:00:00.000000",0.566895723342896
"OB","2026-02-25T23:00:00.000000",0.537941634654999
"OB","2026-02-26T00:00:00.000000",0.506640315055847
"OB","2026-02-26T01:00:00.000000",0.489069640636444
"OB","2026-02-26T02:00:00.000000",0.489202499389648
"OB","2026-02-26T03:00:00.000000",0.483801662921906
"OB","2026-02-26T04:00:00.000000",0.481924116611481
"OB","2026-02-26T05:00:00.000000",0.477744162082672
"OB","2026-02-26T06:00:00.000000",0.442752212285995
"OB","2026-02-26T07:00:00.000000",0.441786348819733
"OB","2026-02-26T08:00:00.000000",0.452287673950195
"OB","2026-02-26T09:00:00.000000",0.455503135919571
"OB","2026-02-26T10:00:00.000000",0.441059201955795
"OB","2026-02-26T11:00:00.000000",0.43694669008255
"OB","2026-02-26T12:00:00.000000",0.437867373228073
"OB","2026-02-26T13:00:00.000000",0.441584169864655
"OB","2026-02-26T14:00:00.000000",0.45286762714386
"OB","2026-02-26T15:00:00.000000",0.455518573522568
"OB","2026-02-26T16:00:00.000000",0.461893379688263
"OB","2026-02-26T17:00:00.000000",0.460319459438324
"OB","2026-02-26T18:00:00.000000",0.46906042098999
"OB","2026-02-26T19:00:00.000000",0.478116482496262
"OB","2026-02-26T20:00:00.000000",0.483007401227951
"OB","2026-02-26T21:00:00.000000",0.486175835132599
"OB","2026-02-26T22:00:00.000000",0.485847800970078
"OB","2026-02-26T23:00:00.000000",0.485406458377838
"OB","2026-02-27T00:00:00.000000",0.477246046066284
"OB","2026-02-27T01:00:00.000000",0.56583845615387
"OB","2026-02-27T02:00:00.000000",0.576965987682343
"OB","2026-02-27T03:00:00.000000",0.574976623058319
"OB","2026-02-27T04:00:00.000000",0.572085916996002
"OB","2026-02-27T05:00:00.000000",0.566558420658112
"OB","2026-02-27T06:00:00.000000",0.579647839069366
"OB","2026-02-27T07:00:00.000000",0.560468852519989
"OB","2026-02-27T08:00:00.000000",0.553524971008301
"OB","2026-02-27T09:00:00.000000",0.577106952667236
"OB","2026-02-27T10:00:00.000000",0.585774123668671
"OB","2026-02-27T11:00:00.000000",0.593884587287903
"OB","2026-02-27T12:00:00.000000",0.57595682144165
"OB","2026-02-27T13:00:00.000000",0.565922021865845
"OB","2026-02-27T14:00:00.000000",0.567264497280121
"OB","2026-02-27T15:00:00.000000",0.569449245929718
"OB","2026-02-27T16:00:00.000000",0.572622895240784
"OB","2026-02-27T17:00:00.000000",0.576576232910156
"OB","2026-02-27T18:00:00.000000",0.575728178024292
"OB","2026-02-27T19:00:00.000000",0.584572613239288
"OB","2026-02-27T20:00:00.000000",0.611652493476868
"OB","2026-02-27T21:00:00.000000",0.628888785839081
"OB","2026-02-27T22:00:00.000000",0.641515910625458
"OB","2026-02-27T23:00:00.000000",0.63936847448349
"OB","2026-02-28T00:00:00.000000",0.640977025032043
"OB","2026-02-28T01:00:00.000000",0.514442324638367
"OB","2026-02-28T02:00:00.000000",0.495486706495285
"OB","2026-02-28T03:00:00.000000",0.487341850996017
"OB","2026-02-28T04:00:00.000000",0.485892534255981
"OB","2026-02-28T05:00:00.000000",0.486388772726059
"OB","2026-02-28T06:00:00.000000",0.484159231185913
"OB","2026-02-28T07:00:00.000000",0.499782890081406
"OB","2026-02-28T08:00:00.000000",0.524779856204987
"OB","2026-02-28T09:00:00.000000",0.615640342235565
"OB","2026-02-28T10:00:00.000000",0.709455490112305
"OB","2026-02-28T11:00:00.000000",0.86850243806839
"OB","2026-02-28T12:00:00.000000",0.85231351852417
"OB","2026-02-28T13:00:00.000000",0.778534352779388
"OB","2026-02-28T14:00:00.000000",0.660466194152832
"OB","2026-02-28T15:00:00.000000",0.591217160224915
"OB","2026-02-28T16:00:00.000000",0.564611375331879
"OB","2026-02-28T17:00:00.000000",0.54743903875351
"OB","2026-02-28T18:00:00.000000",0.537449359893799
"OB","2026-02-28T19:00:00.000000",0.547290146350861
"OB","2026-02-28T20:00:00.000000",0.56690114736557
"OB","2026-02-28T21:00:00.000000",0.645245671272278
"OB","2026-02-28T22:00:00.000000",0.73581862449646
"OB","2026-02-28T23:00:00.000000",0.811286389827728
"OB","2026-03-01T00:00:00.000000",0.836707711219788
"OB","2026-03-01T01:00:00.000000",0.786752164363861
"OB","2026-03-01T02:00:00.000000",0.694850325584412
"OB","2026-03-01T03:00:00.000000",0.620047509670258
"OB","2026-03-01T04:00:00.000000",0.588871121406555
"OB","2026-03-01T05:00:00.000000",0.575291216373444
"OB","2026-03-01T06:00:00.000000",0.565067529678345
"OB","2026-03-01T07:00:00.000000",0.560183763504028
"OB","2026-03-01T08:00:00.000000",0.577178299427032
"OB","2026-03-01T09:00:00.000000",0.649060368537903
"OB","2026-03-01T10:00:00.000000",0.871312141418457
"OB","2026-03-01T11:00:00.000000",1.05765652656555
"OB","2026-03-01T12:00:00.000000",1.12741303443909
"OB","2026-03-01T13:00:00.000000",1.0076516866684
"OB","2026-03-01T14:00:00.000000",0.908052444458008
"OB","2026-03-01T15:00:00.000000",0.792812824249268
"OB","2026-03-01T16:00:00.000000",0.710931718349457
"OB","2026-03-01T17:00:00.000000",0.661574602127075
"OB","2026-03-01T18:00:00.000000",0.630265295505524
"OB","2026-03-01T19:00:00.000000",0.607542991638184
"OB","2026-03-01T20:00:00.000000",0.600378930568695
"OB","2026-03-01T21:00:00.000000",0.649133920669556
"OB","2026-03-01T22:00:00.000000",0.746144711971283
"OB","2026-03-01T23:00:00.000000",0.850700795650482
"OB","2026-03-02T00:00:00.000000",0.918184697628021
"OB","2026-03-02T01:00:00.000000",0.857004761695862
"OB","2026-03-02T02:00:00.000000",0.778873324394226
"OB","2026-03-02T03:00:00.000000",0.709072291851044
"OB","2026-03-02T04:00:00.000000",0.667635142803192
"OB","2026-03-02T05:00:00.000000",0.646726489067078
"OB","2026-03-02T06:00:00.000000",0.636094987392426
"OB","2026-03-02T07:00:00.000000",0.629792928695679
"OB","2026-03-02T08:00:00.000000",0.629558205604553
"OB","2026-03-02T09:00:00.000000",0.635982573032379
"OB","2026-03-02T10:00:00.000000",0.717198014259338
"OB","2026-03-02T11:00:00.000000",0.909846901893616
"OB","2026-03-02T12:00:00.000000",1.11825883388519
"OB","2026-03-02T13:00:00.000000",1.17901170253754
"OB","2026-03-02T14:00:00.000000",1.12547135353088
"OB","2026-03-02T15:00:00.000000",0.990272998809814
"OB","2026-03-02T16:00:00.000000",0.876395225524902
"OB","2026-03-02T17:00:00.000000",0.795828998088837
"OB","2026-03-02T18:00:00.000000",0.754928052425385
"OB","2026-03-02T19:00:00.000000",0.735212028026581
"OB","2026-03-02T20:00:00.000000",0.715929746627808
"OB","2026-03-02T21:00:00.000000",0.715613424777985
"OB","2026-03-02T22:00:00.000000",0.791845440864563
"OB","2026-03-02T23:00:00.000000",0.94144070148468
"OB","2026-03-03T00:00:00.000000",1.10061717033386
"WC","2026-02-25T00:00:00.000000",0.232588291168213
"WC","2026-02-25T01:00:00.000000",0.191969871520996
"WC","2026-02-25T02:00:00.000000",0.18726971745491
"WC","2026-02-25T03:00:00.000000",0.194528207182884
"WC","2026-02-25T04:00:00.000000",0.200994685292244
"WC","2026-02-25T05:00:00.000000",0.198320016264915
"WC","2026-02-25T06:00:00.000000",0.190586090087891
"WC","2026-02-25T07:00:00.000000",0.183849677443504
"WC","2026-02-25T08:00:00.000000",0.181973412632942
"WC","2026-02-25T09:00:00.000000",0.183064937591553
"WC","2026-02-25T10:00:00.000000",0.179298385977745
"WC","2026-02-25T11:00:00.000000",0.177018836140633
"WC","2026-02-25T12:00:00.000000",0.176123484969139
"WC","2026-02-25T13:00:00.000000",0.179880484938622
"WC","2026-02-25T14:00:00.000000",0.196455389261246
"WC","2026-02-25T15:00:00.000000",0.228092581033707
"WC","2026-02-25T16:00:00.000000",0.306371510028839
"WC","2026-02-25T17:00:00.000000",0.303917646408081
"WC","2026-02-25T18:00:00.000000",0.2808478474617
"WC","2026-02-25T19:00:00.000000",0.267510324716568
"WC","2026-02-25T20:00:00.000000",0.267862766981125
"WC","2026-02-25T21:00:00.000000",0.253005355596542
"WC","2026-02-25T22:00:00.000000",0.284758538007736
"WC","2026-02-25T23:00:00.000000",0.297058492898941
"WC","2026-02-26T00:00:00.000000",0.29768893122673
"WC","2026-02-26T01:00:00.000000",0.151869371533394
"WC","2026-02-26T02:00:00.000000",0.127540156245232
"WC","2026-02-26T03:00:00.000000",0.123967222869396
"WC","2026-02-26T04:00:00.000000",0.139892622828484
"WC","2026-02-26T05:00:00.000000",0.153294041752815
"WC","2026-02-26T06:00:00.000000",0.141916081309319
"WC","2026-02-26T07:00:00.000000",0.139860108494759
"WC","2026-02-26T08:00:00.000000",0.142495393753052
"WC","2026-02-26T09:00:00.000000",0.14653168618679
"WC","2026-02-26T10:00:00.000000",0.15788035094738
"WC","2026-02-26T11:00:00.000000",0.15247817337513
"WC","2026-02-26T12:00:00.000000",0.154003575444221
"WC","2026-02-26T13:00:00.000000",0.154281377792358
"WC","2026-02-26T14:00:00.000000",0.155177742242813
"WC","2026-02-26T15:00:00.000000",0.141973167657852
"WC","2026-02-26T16:00:00.000000",0.154394254088402
"WC","2026-02-26T17:00:00.000000",0.26734447479248
"WC","2026-02-26T18:00:00.000000",0.302672684192657
"WC","2026-02-26T19:00:00.000000",0.315918356180191
"WC","2026-02-26T20:00:00.000000",0.336072593927383
"WC","2026-02-26T21:00:00.000000",0.339253515005112
"WC","2026-02-26T22:00:00.000000",0.334629625082016
"WC","2026-02-26T23:00:00.000000",0.357829242944717
"WC","2026-02-27T00:00:00.000000",0.342633634805679
"WC","2026-02-27T01:00:00.000000",0.348311483860016
"WC","2026-02-27T02:00:00.000000",0.348692208528519
"WC","2026-02-27T03:00:00.000000",0.354926377534866
"WC","2026-02-27T04:00:00.000000",0.363962650299072
"WC","2026-02-27T05:00:00.000000",0.412244290113449
"WC","2026-02-27T06:00:00.000000",0.430881500244141
"WC","2026-02-27T07:00:00.000000",0.300521999597549
"WC","2026-02-27T08:00:00.000000",0.2313062697649
"WC","2026-02-27T09:00:00.000000",0.201889425516129
"WC","2026-02-27T10:00:00.000000",0.225167468190193
"WC","2026-02-27T11:00:00.000000",0.253657042980194
"WC","2026-02-27T12:00:00.000000",0.266510158777237
"WC","2026-02-27T13:00:00.000000",0.302395403385162
"WC","2026-02-27T14:00:00.000000",0.346815198659897
"WC","2026-02-27T15:00:00.000000",0.372997850179672
"WC","2026-02-27T16:00:00.000000",0.396176934242249
"WC","2026-02-27T17:00:00.000000",0.415767461061478
"WC","2026-02-27T18:00:00.000000",0.533327758312225
"WC","2026-02-27T19:00:00.000000",0.565481185913086
"WC","2026-02-27T20:00:00.000000",0.545011162757874
"WC","2026-02-27T21:00:00.000000",0.528228461742401
"WC","2026-02-27T22:00:00.000000",0.517236053943634
"WC","2026-02-27T23:00:00.000000",0.522613167762756
"WC","2026-02-28T00:00:00.000000",0.538097977638245
"WC","2026-02-28T01:00:00.000000",0.606608867645264
"WC","2026-02-28T02:00:00.000000",0.606608867645264
"WC","2026-02-28T03:00:00.000000",0.606536865234375
"WC","2026-02-28T04:00:00.000000",0.606475055217743
"WC","2026-02-28T05:00:00.000000",0.613430738449097
"WC","2026-02-28T06:00:00.000000",0.649489343166351
"WC","2026-02-28T07:00:00.000000",0.693122267723083
"WC","2026-02-28T08:00:00.000000",0.535062730312347
"WC","2026-02-28T09:00:00.000000",0.47734722495079
"WC","2026-02-28T10:00:00.000000",0.456163972616196
"WC","2026-02-28T11:00:00.000000",0.44921025633812
"WC","2026-02-28T12:00:00.000000",0.508217334747314
"WC","2026-02-28T13:00:00.000000",0.508217334747314
"WC","2026-02-28T14:00:00.000000",0.531303524971008
"WC","2026-02-28T15:00:00.000000",0.588540315628052
"WC","2026-02-28T16:00:00.000000",0.622555911540985
"WC","2026-02-28T17:00:00.000000",0.653882384300232
"WC","2026-02-28T18:00:00.000000",0.675392627716064
"WC","2026-02-28T19:00:00.000000",0.777521252632141
"WC","2026-02-28T20:00:00.000000",0.885094583034515
"WC","2026-02-28T21:00:00.000000",0.879116237163544
"WC","2026-02-28T22:00:00.000000",0.861051201820374
"WC","2026-02-28T23:00:00.000000",0.844691693782806
"WC","2026-03-01T00:00:00.000000",0.85066682100296
"WC","2026-03-01T01:00:00.000000",0.870874404907227
"WC","2026-03-01T02:00:00.000000",0.870874404907227
"WC","2026-03-01T03:00:00.000000",0.870874404907227
"WC","2026-03-01T04:00:00.000000",0.870813369750977
"WC","2026-03-01T05:00:00.000000",0.870770275592804
"WC","2026-03-01T06:00:00.000000",0.870094776153564
"WC","2026-03-01T07:00:00.000000",0.901393115520477
"WC","2026-03-01T08:00:00.000000",0.954488575458527
"WC","2026-03-01T09:00:00.000000",0.852854907512665
"WC","2026-03-01T10:00:00.000000",0.78299617767334
"WC","2026-03-01T11:00:00.000000",0.763786137104034
"WC","2026-03-01T12:00:00.000000",0.76490581035614
"WC","2026-03-01T13:00:00.000000",0.819471836090088
"WC","2026-03-01T14:00:00.000000",0.819471836090088
"WC","2026-03-01T15:00:00.000000",0.849335134029388
"WC","2026-03-01T16:00:00.000000",0.87619686126709
"WC","2026-03-01T17:00:00.000000",0.900684952735901
"WC","2026-03-01T18:00:00.000000",0.921227276325226
"WC","2026-03-01T19:00:00.000000",0.931752026081085
"WC","2026-03-01T20:00:00.000000",1.00870168209076
"WC","2026-03-01T21:00:00.000000",1.03591120243073
"WC","2026-03-01T22:00:00.000000",0.990244686603546
"WC","2026-03-01T23:00:00.000000",0.971600949764252
"WC","2026-03-02T00:00:00.000000",0.9620041847229
"WC","2026-03-02T01:00:00.000000",1.00494539737701
"WC","2026-03-02T02:00:00.000000",1.00494539737701
"WC","2026-03-02T03:00:00.000000",1.00491809844971
"WC","2026-03-02T04:00:00.000000",1.00475692749023
"WC","2026-03-02T05:00:00.000000",1.00475692749023
"WC","2026-03-02T06:00:00.000000",1.00176358222961
"WC","2026-03-02T07:00:00.000000",1.04307305812836
"WC","2026-03-02T08:00:00.000000",1.06442534923553
"WC","2026-03-02T09:00:00.000000",1.06226444244385
"WC","2026-03-02T10:00:00.000000",0.81900292634964
"WC","2026-03-02T11:00:00.000000",0.735745847225189
"WC","2026-03-02T12:00:00.000000",0.713385462760925
"WC","2026-03-02T13:00:00.000000",0.711258113384247
"WC","2026-03-02T14:00:00.000000",0.777057647705078
"WC","2026-03-02T15:00:00.000000",0.790482521057129
"WC","2026-03-02T16:00:00.000000",0.915760040283203
"WC","2026-03-02T17:00:00.000000",1.05165755748749
"WC","2026-03-02T18:00:00.000000",1.09016025066376
"WC","2026-03-02T19:00:00.000000",1.12097477912903
"WC","2026-03-02T20:00:00.000000",1.15362393856049
"WC","2026-03-02T21:00:00.000000",1.23062765598297
"WC","2026-03-02T22:00:00.000000",1.15632712841034
"WC","2026-03-02T23:00:00.000000",1.04455077648163
"WC","2026-03-03T00:00:00.000000",0.976783931255341
"GB","2026-02-25T00:00:00.000000",0.437144547700882
"GB","2026-02-25T01:00:00.000000",0.530646800994873
"GB","2026-02-25T02:00:00.000000",0.568799912929535
"GB","2026-02-25T03:00:00.000000",0.563848078250885
"GB","2026-02-25T04:00:00.000000",0.58117139339447
"GB","2026-02-25T05:00:00.000000",0.571288287639618
"GB","2026-02-25T06:00:00.000000",0.455571472644806
"GB","2026-02-25T07:00:00.000000",0.414689540863037
"GB","2026-02-25T08:00:00.000000",0.391282588243484
"GB","2026-02-25T09:00:00.000000",0.369414240121841
"GB","2026-02-25T10:00:00.000000",0.341793566942215
"GB","2026-02-25T11:00:00.000000",0.373053342103958
"GB","2026-02-25T12:00:00.000000",0.414464175701141
"GB","2026-02-25T13:00:00.000000",0.459644913673401
"GB","2026-02-25T14:00:00.000000",0.504033982753754
"GB","2026-02-25T15:00:00.000000",0.54535448551178
"GB","2026-02-25T16:00:00.000000",0.58079195022583
"GB","2026-02-25T17:00:00.000000",0.703988313674927
"GB","2026-02-25T18:00:00.000000",0.616665244102478
"GB","2026-02-25T19:00:00.000000",0.598408937454224
"GB","2026-02-25T20:00:00.000000",0.576182544231415
"GB","2026-02-25T21:00:00.000000",0.560283184051514
"GB","2026-02-25T22:00:00.000000",0.552360773086548
"GB","2026-02-25T23:00:00.000000",0.538152873516083
"GB","2026-02-26T00:00:00.000000",0.595162212848663
"GB","2026-02-26T01:00:00.000000",0.370113253593445
"GB","2026-02-26T02:00:00.000000",0.354002833366394
"GB","2026-02-26T03:00:00.000000",0.351827263832092
"GB","2026-02-26T04:00:00.000000",0.381933599710464
"GB","2026-02-26T05:00:00.000000",0.351399958133698
"GB","2026-02-26T06:00:00.000000",0.317844480276108
"GB","2026-02-26T07:00:00.000000",0.267559051513672
"GB","2026-02-26T08:00:00.000000",0.245736509561539
"GB","2026-02-26T09:00:00.000000",0.224428325891495
"GB","2026-02-26T10:00:00.000000",0.204271405935287
"GB","2026-02-26T11:00:00.000000",0.176312118768692
"GB","2026-02-26T12:00:00.000000",0.197989016771317
"GB","2026-02-26T13:00:00.000000",0.196326345205307
"GB","2026-02-26T14:00:00.000000",0.231739223003387
"GB","2026-02-26T15:00:00.000000",0.274262189865112
"GB","2026-02-26T16:00:00.000000",0.309506893157959
"GB","2026-02-26T17:00:00.000000",0.3432936668396
"GB","2026-02-26T18:00:00.000000",0.413429886102676
"GB","2026-02-26T19:00:00.000000",0.351459115743637
"GB","2026-02-26T20:00:00.000000",0.335932493209839
"GB","2026-02-26T21:00:00.000000",0.319652199745178
"GB","2026-02-26T22:00:00.000000",0.308687597513199
"GB","2026-02-26T23:00:00.000000",0.298260539770126
"GB","2026-02-27T00:00:00.000000",0.294800698757172
"GB","2026-02-27T01:00:00.000000",0.311916410923004
"GB","2026-02-27T02:00:00.000000",0.337510704994202
"GB","2026-02-27T03:00:00.000000",0.350653976202011
"GB","2026-02-27T04:00:00.000000",0.350810080766678
"GB","2026-02-27T05:00:00.000000",0.349559009075165
"GB","2026-02-27T06:00:00.000000",0.345067620277405
"GB","2026-02-27T07:00:00.000000",0.405352085828781
"GB","2026-02-27T08:00:00.000000",0.297739326953888
"GB","2026-02-27T09:00:00.000000",0.260826677083969
"GB","2026-02-27T10:00:00.000000",0.222993791103363
"GB","2026-02-27T11:00:00.000000",0.199297964572906
"GB","2026-02-27T12:00:00.000000",0.171881198883057
"GB","2026-02-27T13:00:00.000000",0.222846254706383
"GB","2026-02-27T14:00:00.000000",0.230535268783569
"GB","2026-02-27T15:00:00.000000",0.290671229362488
"GB","2026-02-27T16:00:00.000000",0.374468505382538
"GB","2026-02-27T17:00:00.000000",0.453165590763092
"GB","2026-02-27T18:00:00.000000",0.522706627845764
"GB","2026-02-27T19:00:00.000000",0.642731189727783
"GB","2026-02-27T20:00:00.000000",0.52628356218338
"GB","2026-02-27T21:00:00.000000",0.48089724779129
"GB","2026-02-27T22:00:00.000000",0.423299163579941
"GB","2026-02-27T23:00:00.000000",0.379727900028229
"GB","2026-02-28T00:00:00.000000",0.354147166013718
"GB","2026-02-28T01:00:00.000000",0.424780040979385
"GB","2026-02-28T02:00:00.000000",0.500517129898071
"GB","2026-02-28T03:00:00.000000",0.49787449836731
"GB","2026-02-28T04:00:00.000000",0.527939915657043
"GB","2026-02-28T05:00:00.000000",0.570072710514069
"GB","2026-02-28T06:00:00.000000",0.594155311584473
"GB","2026-02-28T07:00:00.000000",0.615627646446228
"GB","2026-02-28T08:00:00.000000",0.686117589473724
"GB","2026-02-28T09:00:00.000000",0.500320613384247
"GB","2026-02-28T10:00:00.000000",0.453831225633621
"GB","2026-02-28T11:00:00.000000",0.414184600114822
"GB","2026-02-28T12:00:00.000000",0.384246736764908
"GB","2026-02-28T13:00:00.000000",0.357914835214615
"GB","2026-02-28T14:00:00.000000",0.425686746835709
"GB","2026-02-28T15:00:00.000000",0.474581152200699
"GB","2026-02-28T16:00:00.000000",0.552448987960815
"GB","2026-02-28T17:00:00.000000",0.64473432302475
"GB","2026-02-28T18:00:00.000000",0.734441757202148
"GB","2026-02-28T19:00:00.000000",0.807246685028076
"GB","2026-02-28T20:00:00.000000",0.968903601169586
"GB","2026-02-28T21:00:00.000000",0.852975010871887
"GB","2026-02-28T22:00:00.000000",0.764493525028229
"GB","2026-02-28T23:00:00.000000",0.717137455940247
"GB","2026-03-01T00:00:00.000000",0.674461185932159
"GB","2026-03-01T01:00:00.000000",0.647124052047729
"GB","2026-03-01T02:00:00.000000",0.608908712863922
"GB","2026-03-01T03:00:00.000000",0.691386103630066
"GB","2026-03-01T04:00:00.000000",0.70456200838089
"GB","2026-03-01T05:00:00.000000",0.767478942871094
"GB","2026-03-01T06:00:00.000000",0.808256208896637
"GB","2026-03-01T07:00:00.000000",0.837742030620575
"GB","2026-03-01T08:00:00.000000",0.858831405639648
"GB","2026-03-01T09:00:00.000000",0.921573638916016
"GB","2026-03-01T10:00:00.000000",0.745287537574768
"GB","2026-03-01T11:00:00.000000",0.69957160949707
"GB","2026-03-01T12:00:00.000000",0.665657818317413
"GB","2026-03-01T13:00:00.000000",0.645680129528046
"GB","2026-03-01T14:00:00.000000",0.635069310665131
"GB","2026-03-01T15:00:00.000000",0.698743939399719
"GB","2026-03-01T16:00:00.000000",0.734175264835358
"GB","2026-03-01T17:00:00.000000",0.771730244159698
"GB","2026-03-01T18:00:00.000000",0.834016382694244
"GB","2026-03-01T19:00:00.000000",0.883336126804352
"GB","2026-03-01T20:00:00.000000",0.925831079483032
"GB","2026-03-01T21:00:00.000000",1.0253781080246
"GB","2026-03-01T22:00:00.000000",0.90095329284668
"GB","2026-03-01T23:00:00.000000",0.817218482494354
"GB","2026-03-02T00:00:00.000000",0.772958040237427
"GB","2026-03-02T01:00:00.000000",0.748813271522522
"GB","2026-03-02T02:00:00.000000",0.728870630264282
"GB","2026-03-02T03:00:00.000000",0.697081327438354
"GB","2026-03-02T04:00:00.000000",0.726999461650848
"GB","2026-03-02T05:00:00.000000",0.734242677688599
"GB","2026-03-02T06:00:00.000000",0.766068398952484
"GB","2026-03-02T07:00:00.000000",0.780227065086365
"GB","2026-03-02T08:00:00.000000",0.781027317047119
"GB","2026-03-02T09:00:00.000000",0.770489811897278
"GB","2026-03-02T10:00:00.000000",0.837665915489197
"GB","2026-03-02T11:00:00.000000",0.671065747737885
"GB","2026-03-02T12:00:00.000000",0.61516934633255
"GB","2026-03-02T13:00:00.000000",0.584398865699768
"GB","2026-03-02T14:00:00.000000",0.568529665470123
"GB","2026-03-02T15:00:00.000000",0.556033313274384
"GB","2026-03-02T16:00:00.000000",0.631755471229553
"GB","2026-03-02T17:00:00.000000",0.683790922164917
"GB","2026-03-02T18:00:00.000000",0.764995038509369
"GB","2026-03-02T19:00:00.000000",0.847227692604065
"GB","2026-03-02T20:00:00.000000",0.906070649623871
"GB","2026-03-02T21:00:00.000000",0.928933203220367
"GB","2026-03-02T22:00:00.000000",1.04757905006409
"GB","2026-03-02T23:00:00.000000",0.911017000675201
"GB","2026-03-03T00:00:00.000000",0.818831443786621
"NK","2026-02-25T00:00:00.000000",1.63065433502197
"NK","2026-02-25T01:00:00.000000",1.57257175445557
"NK","2026-02-25T02:00:00.000000",1.57584142684937
"NK","2026-02-25T03:00:00.000000",1.57168257236481
"NK","2026-02-25T04:00:00.000000",1.75305509567261
"NK","2026-02-25T05:00:00.000000",1.65390408039093
"NK","2026-02-25T06:00:00.000000",1.64914274215698
"NK","2026-02-25T07:00:00.000000",1.64536440372467
"NK","2026-02-25T08:00:00.000000",1.64517116546631
"NK","2026-02-25T09:00:00.000000",1.64661598205566
"NK","2026-02-25T10:00:00.000000",1.64941740036011
"NK","2026-02-25T11:00:00.000000",1.65334248542786
"NK","2026-02-25T12:00:00.000000",1.65954208374023
"NK","2026-02-25T13:00:00.000000",1.66875123977661
"NK","2026-02-25T14:00:00.000000",1.68141770362854
"NK","2026-02-25T15:00:00.000000",1.78761756420135
"NK","2026-02-25T16:00:00.000000",1.79048776626587
"NK","2026-02-25T17:00:00.000000",1.79012596607208
"NK","2026-02-25T18:00:00.000000",1.78878629207611
"NK","2026-02-25T19:00:00.000000",1.78604543209076
"NK","2026-02-25T20:00:00.000000",1.78205049037933
"NK","2026-02-25T21:00:00.000000",1.77849054336548
"NK","2026-02-25T22:00:00.000000",1.77463531494141
"NK","2026-02-25T23:00:00.000000",1.76124691963196
"NK","2026-02-26T00:00:00.000000",1.7573344707489
"NK","2026-02-26T01:00:00.000000",1.65727722644806
"NK","2026-02-26T02:00:00.000000",1.65208196640015
"NK","2026-02-26T03:00:00.000000",1.6480770111084
"NK","2026-02-26T04:00:00.000000",1.64545571804047
"NK","2026-02-26T05:00:00.000000",1.6457017660141
"NK","2026-02-26T06:00:00.000000",1.64924168586731
"NK","2026-02-26T07:00:00.000000",1.65383148193359
"NK","2026-02-26T08:00:00.000000",1.6576122045517
"NK","2026-02-26T09:00:00.000000",1.65945601463318
"NK","2026-02-26T10:00:00.000000",1.65816557407379
"NK","2026-02-26T11:00:00.000000",1.65817129611969
"NK","2026-02-26T12:00:00.000000",1.65803360939026
"NK","2026-02-26T13:00:00.000000",1.65589499473572
"NK","2026-02-26T14:00:00.000000",1.65364098548889
"NK","2026-02-26T15:00:00.000000",1.65041267871857
"NK","2026-02-26T16:00:00.000000",1.65017569065094
"NK","2026-02-26T17:00:00.000000",1.65493428707123
"NK","2026-02-26T18:00:00.000000",1.6621572971344
"NK","2026-02-26T19:00:00.000000",1.67081546783447
"NK","2026-02-26T20:00:00.000000",1.6794421672821
"NK","2026-02-26T21:00:00.000000",1.68683540821075
"NK","2026-02-26T22:00:00.000000",1.69428336620331
"NK","2026-02-26T23:00:00.000000",1.70239043235779
"NK","2026-02-27T00:00:00.000000",1.71056270599365
"NK","2026-02-27T01:00:00.000000",1.53079617023468
"NK","2026-02-27T02:00:00.000000",1.50800573825836
"NK","2026-02-27T03:00:00.000000",1.46616959571838
"NK","2026-02-27T04:00:00.000000",1.41369664669037
"NK","2026-02-27T05:00:00.000000",1.57382142543793
"NK","2026-02-27T06:00:00.000000",1.5628525018692
"NK","2026-02-27T07:00:00.000000",1.55690097808838
"NK","2026-02-27T08:00:00.000000",1.55829238891602
"NK","2026-02-27T09:00:00.000000",1.55612182617188
"NK","2026-02-27T10:00:00.000000",1.55094027519226
"NK","2026-02-27T11:00:00.000000",1.54595649242401
"NK","2026-02-27T12:00:00.000000",1.54309475421906
"NK","2026-02-27T13:00:00.000000",1.55019664764404
"NK","2026-02-27T14:00:00.000000",1.57221591472626
"NK","2026-02-27T15:00:00.000000",1.59760570526123
"NK","2026-02-27T16:00:00.000000",1.61504197120667
"NK","2026-02-27T17:00:00.000000",1.62379002571106
"NK","2026-02-27T18:00:00.000000",1.6360490322113
"NK","2026-02-27T19:00:00.000000",1.77199625968933
"NK","2026-02-27T20:00:00.000000",1.77184951305389
"NK","2026-02-27T21:00:00.000000",1.77114391326904
"NK","2026-02-27T22:00:00.000000",1.7701028585434
"NK","2026-02-27T23:00:00.000000",1.76649332046509
"NK","2026-02-28T00:00:00.000000",1.76052188873291
"NK","2026-02-28T01:00:00.000000",1.745232462883
"NK","2026-02-28T02:00:00.000000",1.74108183383942
"NK","2026-02-28T03:00:00.000000",1.73808336257935
"NK","2026-02-28T04:00:00.000000",1.73651874065399
"NK","2026-02-28T05:00:00.000000",1.73398852348328
"NK","2026-02-28T06:00:00.000000",1.73347270488739
"NK","2026-02-28T07:00:00.000000",1.73214983940125
"NK","2026-02-28T08:00:00.000000",1.73234081268311
"NK","2026-02-28T09:00:00.000000",1.73379588127136
"NK","2026-02-28T10:00:00.000000",1.73100137710571
"NK","2026-02-28T11:00:00.000000",1.72310519218445
"NK","2026-02-28T12:00:00.000000",1.71434259414673
"NK","2026-02-28T13:00:00.000000",1.70313882827759
"NK","2026-02-28T14:00:00.000000",1.68355798721313
"NK","2026-02-28T15:00:00.000000",1.65232694149017
"NK","2026-02-28T16:00:00.000000",1.6198445558548
"NK","2026-02-28T17:00:00.000000",1.59541761875153
"NK","2026-02-28T18:00:00.000000",1.57797539234161
"NK","2026-02-28T19:00:00.000000",1.56789433956146
"NK","2026-02-28T20:00:00.000000",1.56282579898834
"NK","2026-02-28T21:00:00.000000",1.56014478206635
"NK","2026-02-28T22:00:00.000000",1.55467104911804
"NK","2026-02-28T23:00:00.000000",1.54353284835815
"NK","2026-03-01T00:00:00.000000",1.53831493854523
"NK","2026-03-01T01:00:00.000000",1.52555966377258
"NK","2026-03-01T02:00:00.000000",1.51116704940796
"NK","2026-03-01T03:00:00.000000",1.49689853191376
"NK","2026-03-01T04:00:00.000000",1.47749829292297
"NK","2026-03-01T05:00:00.000000",1.45380520820618
"NK","2026-03-01T06:00:00.000000",1.42341101169586
"NK","2026-03-01T07:00:00.000000",1.38586246967316
"NK","2026-03-01T08:00:00.000000",1.32942986488342
"NK","2026-03-01T09:00:00.000000",1.25241565704346
"NK","2026-03-01T10:00:00.000000",1.21982157230377
"NK","2026-03-01T11:00:00.000000",1.2034500837326
"NK","2026-03-01T12:00:00.000000",1.19751870632172
"NK","2026-03-01T13:00:00.000000",1.20286464691162
"NK","2026-03-01T14:00:00.000000",1.20598530769348
"NK","2026-03-01T15:00:00.000000",1.19960951805115
"NK","2026-03-01T16:00:00.000000",1.17536973953247
"NK","2026-03-01T17:00:00.000000",1.14481425285339
"NK","2026-03-01T18:00:00.000000",1.10682058334351
"NK","2026-03-01T19:00:00.000000",1.06756615638733
"NK","2026-03-01T20:00:00.000000",1.04739928245544
"NK","2026-03-01T21:00:00.000000",1.04447340965271
"NK","2026-03-01T22:00:00.000000",1.05356109142303
"NK","2026-03-01T23:00:00.000000",1.07001709938049
"NK","2026-03-02T00:00:00.000000",1.07869875431061
"NK","2026-03-02T01:00:00.000000",1.08199870586395
"NK","2026-03-02T02:00:00.000000",1.08466160297394
"NK","2026-03-02T03:00:00.000000",1.08889722824097
"NK","2026-03-02T04:00:00.000000",1.09608840942383
"NK","2026-03-02T05:00:00.000000",1.11014437675476
"NK","2026-03-02T06:00:00.000000",1.12802946567535
"NK","2026-03-02T07:00:00.000000",1.14050817489624
"NK","2026-03-02T08:00:00.000000",1.1510454416275
"NK","2026-03-02T09:00:00.000000",1.17987513542175
"NK","2026-03-02T10:00:00.000000",1.22426319122314
"NK","2026-03-02T11:00:00.000000",1.26397132873535
"NK","2026-03-02T12:00:00.000000",1.28950905799866
"NK","2026-03-02T13:00:00.000000",1.28991365432739
"NK","2026-03-02T14:00:00.000000",1.290198802948
"NK","2026-03-02T15:00:00.000000",1.28536772727966
"NK","2026-03-02T16:00:00.000000",1.27207434177399
"NK","2026-03-02T17:00:00.000000",1.25601828098297
"NK","2026-03-02T18:00:00.000000",1.23933529853821
"NK","2026-03-02T19:00:00.000000",1.21312618255615
"NK","2026-03-02T20:00:00.000000",1.17662358283997
"NK","2026-03-02T21:00:00.000000",1.15629541873932
"NK","2026-03-02T22:00:00.000000",1.16274905204773
"NK","2026-03-02T23:00:00.000000",1.17340838909149
"NK","2026-03-03T00:00:00.000000",1.16690182685852
"JB","2026-02-25T00:00:00.000000",1.39941418170929
"JB","2026-02-25T01:00:00.000000",1.4288614988327
"JB","2026-02-25T02:00:00.000000",1.43997049331665
"JB","2026-02-25T03:00:00.000000",1.45515632629395
"JB","2026-02-25T04:00:00.000000",1.48092520236969
"JB","2026-02-25T05:00:00.000000",1.50590991973877
"JB","2026-02-25T06:00:00.000000",1.53693354129791
"JB","2026-02-25T07:00:00.000000",1.53020465373993
"JB","2026-02-25T08:00:00.000000",1.56169712543488
"JB","2026-02-25T09:00:00.000000",1.56153213977814
"JB","2026-02-25T10:00:00.000000",1.56042671203613
"JB","2026-02-25T11:00:00.000000",1.55051255226135
"JB","2026-02-25T12:00:00.000000",1.53353142738342
"JB","2026-02-25T13:00:00.000000",1.51368451118469
"JB","2026-02-25T14:00:00.000000",1.49780309200287
"JB","2026-02-25T15:00:00.000000",1.49360704421997
"JB","2026-02-25T16:00:00.000000",1.49803614616394
"JB","2026-02-25T17:00:00.000000",1.50416731834412
"JB","2026-02-25T18:00:00.000000",1.52385866641998
"JB","2026-02-25T19:00:00.000000",1.5519050359726
"JB","2026-02-25T20:00:00.000000",1.5786235332489
"JB","2026-02-25T21:00:00.000000",1.59561264514923
"JB","2026-02-25T22:00:00.000000",1.60210943222046
"JB","2026-02-25T23:00:00.000000",1.60434567928314
"JB","2026-02-26T00:00:00.000000",1.60189533233643
"JB","2026-02-26T01:00:00.000000",1.40575611591339
"JB","2026-02-26T02:00:00.000000",1.36193323135376
"JB","2026-02-26T03:00:00.000000",1.33773565292358
"JB","2026-02-26T04:00:00.000000",1.33460998535156
"JB","2026-02-26T05:00:00.000000",1.33990728855133
"JB","2026-02-26T06:00:00.000000",1.39876127243042
"JB","2026-02-26T07:00:00.000000",1.47011280059814
"JB","2026-02-26T08:00:00.000000",1.49355518817902
"JB","2026-02-26T09:00:00.000000",1.50098252296448
"JB","2026-02-26T10:00:00.000000",1.49550902843475
"JB","2026-02-26T11:00:00.000000",1.47590982913971
"JB","2026-02-26T12:00:00.000000",1.42829406261444
"JB","2026-02-26T13:00:00.000000",1.39127910137177
"JB","2026-02-26T14:00:00.000000",1.37494504451752
"JB","2026-02-26T15:00:00.000000",1.35416781902313
"JB","2026-02-26T16:00:00.000000",1.33537900447845
"JB","2026-02-26T17:00:00.000000",1.32479166984558
"JB","2026-02-26T18:00:00.000000",1.36532723903656
"JB","2026-02-26T19:00:00.000000",1.4256831407547
"JB","2026-02-26T20:00:00.000000",1.46085512638092
"JB","2026-02-26T21:00:00.000000",1.49036872386932
"JB","2026-02-26T22:00:00.000000",1.50268340110779
"JB","2026-02-26T23:00:00.000000",1.50894212722778
"JB","2026-02-27T00:00:00.000000",1.53264999389648
"JB","2026-02-27T01:00:00.000000",1.50006926059723
"JB","2026-02-27T02:00:00.000000",1.50118505954742
"JB","2026-02-27T03:00:00.000000",1.48797905445099
"JB","2026-02-27T04:00:00.000000",1.4848769903183
"JB","2026-02-27T05:00:00.000000",1.48370802402496
"JB","2026-02-27T06:00:00.000000",1.48565769195557
"JB","2026-02-27T07:00:00.000000",1.5065404176712
"JB","2026-02-27T08:00:00.000000",1.52757513523102
"JB","2026-02-27T09:00:00.000000",1.538898229599
"JB","2026-02-27T10:00:00.000000",1.54004645347595
"JB","2026-02-27T11:00:00.000000",1.52344083786011
"JB","2026-02-27T12:00:00.000000",1.51949620246887
"JB","2026-02-27T13:00:00.000000",1.51191651821136
"JB","2026-02-27T14:00:00.000000",1.46857857704163
"JB","2026-02-27T15:00:00.000000",1.42012107372284
"JB","2026-02-27T16:00:00.000000",1.41003036499023
"JB","2026-02-27T17:00:00.000000",1.40711712837219
"JB","2026-02-27T18:00:00.000000",1.41125154495239
"JB","2026-02-27T19:00:00.000000",1.42894637584686
"JB","2026-02-27T20:00:00.000000",1.45521068572998
"JB","2026-02-27T21:00:00.000000",1.47611689567566
"JB","2026-02-27T22:00:00.000000",1.51071321964264
"JB","2026-02-27T23:00:00.000000",1.54825568199158
"JB","2026-02-28T00:00:00.000000",1.57741808891296
"JB","2026-02-28T01:00:00.000000",1.54725325107574
"JB","2026-02-28T02:00:00.000000",1.52045917510986
"JB","2026-02-28T03:00:00.000000",1.48446273803711
"JB","2026-02-28T04:00:00.000000",1.45702886581421
"JB","2026-02-28T05:00:00.000000",1.42879092693329
"JB","2026-02-28T06:00:00.000000",1.42280745506287
"JB","2026-02-28T07:00:00.000000",1.41489553451538
"JB","2026-02-28T08:00:00.000000",1.4356951713562
"JB","2026-02-28T09:00:00.000000",1.46049022674561
"JB","2026-02-28T10:00:00.000000",1.4558869600296
"JB","2026-02-28T11:00:00.000000",1.49974286556244
"JB","2026-02-28T12:00:00.000000",1.5257157087326
"JB","2026-02-28T13:00:00.000000",1.51030087471008
"JB","2026-02-28T14:00:00.000000",1.44942009449005
"JB","2026-02-28T15:00:00.000000",1.36050033569336
"JB","2026-02-28T16:00:00.000000",1.32396292686462
"JB","2026-02-28T17:00:00.000000",1.31745755672455
"JB","2026-02-28T18:00:00.000000",1.31777739524841
"JB","2026-02-28T19:00:00.000000",1.3178950548172
"JB","2026-02-28T20:00:00.000000",1.31754064559937
"JB","2026-02-28T21:00:00.000000",1.32385838031769
"JB","2026-02-28T22:00:00.000000",1.34270465373993
"JB","2026-02-28T23:00:00.000000",1.37520945072174
"JB","2026-03-01T00:00:00.000000",1.41857266426086
"JB","2026-03-01T01:00:00.000000",1.44211947917938
"JB","2026-03-01T02:00:00.000000",1.42494201660156
"JB","2026-03-01T03:00:00.000000",1.35433483123779
"JB","2026-03-01T04:00:00.000000",1.27253890037537
"JB","2026-03-01T05:00:00.000000",1.217613697052
"JB","2026-03-01T06:00:00.000000",1.17207717895508
"JB","2026-03-01T07:00:00.000000",1.13505601882935
"JB","2026-03-01T08:00:00.000000",1.10478341579437
"JB","2026-03-01T09:00:00.000000",1.09410202503204
"JB","2026-03-01T10:00:00.000000",1.10761535167694
"JB","2026-03-01T11:00:00.000000",1.13131701946259
"JB","2026-03-01T12:00:00.000000",1.17974150180817
"JB","2026-03-01T13:00:00.000000",1.24199652671814
"JB","2026-03-01T14:00:00.000000",1.28724801540375
"JB","2026-03-01T15:00:00.000000",1.29090750217438
"JB","2026-03-01T16:00:00.000000",1.20840120315552
"JB","2026-03-01T17:00:00.000000",1.1502103805542
"JB","2026-03-01T18:00:00.000000",1.12960779666901
"JB","2026-03-01T19:00:00.000000",1.13056004047394
"JB","2026-03-01T20:00:00.000000",1.14158797264099
"JB","2026-03-01T21:00:00.000000",1.1579909324646
"JB","2026-03-01T22:00:00.000000",1.17639136314392
"JB","2026-03-01T23:00:00.000000",1.20843279361725
"JB","2026-03-02T00:00:00.000000",1.24679005146027
"JB","2026-03-02T01:00:00.000000",1.27615237236023
"JB","2026-03-02T02:00:00.000000",1.28843426704407
"JB","2026-03-02T03:00:00.000000",1.25814545154572
"JB","2026-03-02T04:00:00.000000",1.15632748603821
"JB","2026-03-02T05:00:00.000000",1.09940230846405
"JB","2026-03-02T06:00:00.000000",1.08419227600098
"JB","2026-03-02T07:00:00.000000",1.05773282051086
"JB","2026-03-02T08:00:00.000000",1.04710841178894
"JB","2026-03-02T09:00:00.000000",1.04062628746033
"JB","2026-03-02T10:00:00.000000",1.05730426311493
"JB","2026-03-02T11:00:00.000000",1.0896247625351
"JB","2026-03-02T12:00:00.000000",1.14878129959106
"JB","2026-03-02T13:00:00.000000",1.20209753513336
"JB","2026-03-02T14:00:00.000000",1.23532557487488
"JB","2026-03-02T15:00:00.000000",1.22588217258453
"JB","2026-03-02T16:00:00.000000",1.17389392852783
"JB","2026-03-02T17:00:00.000000",1.11124610900879
"JB","2026-03-02T18:00:00.000000",1.09275329113007
"JB","2026-03-02T19:00:00.000000",1.07422733306885
"JB","2026-03-02T20:00:00.000000",1.05589556694031
"JB","2026-03-02T21:00:00.000000",1.03776121139526
"JB","2026-03-02T22:00:00.000000",1.03521490097046
"JB","2026-03-02T23:00:00.000000",1.07551956176758
"JB","2026-03-03T00:00:00.000000",1.13179194927216
"CL","2026-02-25T00:00:00.000000",1.63065433502197
"CL","2026-02-25T01:00:00.000000",1.57257175445557
"CL","2026-02-25T02:00:00.000000",1.57584142684937
"CL","2026-02-25T03:00:00.000000",1.57168257236481
"CL","2026-02-25T04:00:00.000000",1.75305509567261
"CL","2026-02-25T05:00:00.000000",1.65390408039093
"CL","2026-02-25T06:00:00.000000",1.64914274215698
"CL","2026-02-25T07:00:00.000000",1.64536440372467
"CL","2026-02-25T08:00:00.000000",1.64517116546631
"CL","2026-02-25T09:00:00.000000",1.64661598205566
"CL","2026-02-25T10:00:00.000000",1.64941740036011
"CL","2026-02-25T11:00:00.000000",1.65334248542786
"CL","2026-02-25T12:00:00.000000",1.65954208374023
"CL","2026-02-25T13:00:00.000000",1.66875123977661
"CL","2026-02-25T14:00:00.000000",1.68141770362854
"CL","2026-02-25T15:00:00.000000",1.78761756420135
"CL","2026-02-25T16:00:00.000000",1.79048776626587
"CL","2026-02-25T17:00:00.000000",1.79012596607208
"CL","2026-02-25T18:00:00.000000",1.78878629207611
"CL","2026-02-25T19:00:00.000000",1.78604543209076
"CL","2026-02-25T20:00:00.000000",1.78205049037933
"CL","2026-02-25T21:00:00.000000",1.77849054336548
"CL","2026-02-25T22:00:00.000000",1.77463531494141
"CL","2026-02-25T23:00:00.000000",1.76124691963196
"CL","2026-02-26T00:00:00.000000",1.7573344707489
"CL","2026-02-26T01:00:00.000000",1.65727722644806
"CL","2026-02-26T02:00:00.000000",1.65208196640015
"CL","2026-02-26T03:00:00.000000",1.6480770111084
"CL","2026-02-26T04:00:00.000000",1.64545571804047
"CL","2026-02-26T05:00:00.000000",1.6457017660141
"CL","2026-02-26T06:00:00.000000",1.64924168586731
"CL","2026-02-26T07:00:00.000000",1.65383148193359
"CL","2026-02-26T08:00:00.000000",1.6576122045517
"CL","2026-02-26T09:00:00.000000",1.65945601463318
"CL","2026-02-26T10:00:00.000000",1.65816557407379
"CL","2026-02-26T11:00:00.000000",1.65817129611969
"CL","2026-02-26T12:00:00.000000",1.65803360939026
"CL","2026-02-26T13:00:00.000000",1.65589499473572
"CL","2026-02-26T14:00:00.000000",1.65364098548889
"CL","2026-02-26T15:00:00.000000",1.65041267871857
"CL","2026-02-26T16:00:00.000000",1.65017569065094
"CL","2026-02-26T17:00:00.000000",1.65493428707123
"CL","2026-02-26T18:00:00.000000",1.6621572971344
"CL","2026-02-26T19:00:00.000000",1.67081546783447
"CL","2026-02-26T20:00:00.000000",1.6794421672821
"CL","2026-02-26T21:00:00.000000",1.68683540821075
"CL","2026-02-26T22:00:00.000000",1.69428336620331
"CL","2026-02-26T23:00:00.000000",1.70239043235779
"CL","2026-02-27T00:00:00.000000",1.71056270599365
"CL","2026-02-27T01:00:00.000000",1.53079617023468
"CL","2026-02-27T02:00:00.000000",1.50800573825836
"CL","2026-02-27T03:00:00.000000",1.46616959571838
"CL","2026-02-27T04:00:00.000000",1.41369664669037
"CL","2026-02-27T05:00:00.000000",1.57382142543793
"CL","2026-02-27T06:00:00.000000",1.5628525018692
"CL","2026-02-27T07:00:00.000000",1.55690097808838
"CL","2026-02-27T08:00:00.000000",1.55829238891602
"CL","2026-02-27T09:00:00.000000",1.55612182617188
"CL","2026-02-27T10:00:00.000000",1.55094027519226
"CL","2026-02-27T11:00:00.000000",1.54595649242401
"CL","2026-02-27T12:00:00.000000",1.54309475421906
"CL","2026-02-27T13:00:00.000000",1.55019664764404
"CL","2026-02-27T14:00:00.000000",1.57221591472626
"CL","2026-02-27T15:00:00.000000",1.59760570526123
"CL","2026-02-27T16:00:00.000000",1.61504197120667
"CL","2026-02-27T17:00:00.000000",1.62379002571106
"CL","2026-02-27T18:00:00.000000",1.6360490322113
"CL","2026-02-27T19:00:00.000000",1.77199625968933
"CL","2026-02-27T20:00:00.000000",1.77184951305389
"CL","2026-02-27T21:00:00.000000",1.77114391326904
"CL","2026-02-27T22:00:00.000000",1.7701028585434
"CL","2026-02-27T23:00:00.000000",1.76649332046509
"CL","2026-02-28T00:00:00.000000",1.76052188873291
"CL","2026-02-28T01:00:00.000000",1.745232462883
"CL","2026-02-28T02:00:00.000000",1.74108183383942
"CL","2026-02-28T03:00:00.000000",1.73808336257935
"CL","2026-02-28T04:00:00.000000",1.73651874065399
"CL","2026-02-28T05:00:00.000000",1.73398852348328
"CL","2026-02-28T06:00:00.000000",1.73347270488739
"CL","2026-02-28T07:00:00.000000",1.73214983940125
"CL","2026-02-28T08:00:00.000000",1.73234081268311
"CL","2026-02-28T09:00:00.000000",1.73379588127136
"CL","2026-02-28T10:00:00.000000",1.73100137710571
"CL","2026-02-28T11:00:00.000000",1.72310519218445
"CL","2026-02-28T12:00:00.000000",1.71434259414673
"CL","2026-02-28T13:00:00.000000",1.70313882827759
"CL","2026-02-28T14:00:00.000000",1.68355798721313
"CL","2026-02-28T15:00:00.000000",1.65232694149017
"CL","2026-02-28T16:00:00.000000",1.6198445558548
"CL","2026-02-28T17:00:00.000000",1.59541761875153
"CL","2026-02-28T18:00:00.000000",1.57797539234161
"CL","2026-02-28T19:00:00.000000",1.56789433956146
"CL","2026-02-28T20:00:00.000000",1.56282579898834
"CL","2026-02-28T21:00:00.000000",1.56014478206635
"CL","2026-02-28T22:00:00.000000",1.55467104911804
"CL","2026-02-28T23:00:00.000000",1.54353284835815
"CL","2026-03-01T00:00:00.000000",1.53831493854523
"CL","2026-03-01T01:00:00.000000",1.52555966377258
"CL","2026-03-01T02:00:00.000000",1.51116704940796
"CL","2026-03-01T03:00:00.000000",1.49689853191376
"CL","2026-03-01T04:00:00.000000",1.47749829292297
"CL","2026-03-01T05:00:00.000000",1.45380520820618
"CL","2026-03-01T06:00:00.000000",1.42341101169586
"CL","2026-03-01T07:00:00.000000",1.38586246967316
"CL","2026-03-01T08:00:00.000000",1.32942986488342
"CL","2026-03-01T09:00:00.000000",1.25241565704346
"CL","2026-03-01T10:00:00.000000",1.21982157230377
"CL","2026-03-01T11:00:00.000000",1.2034500837326
"CL","2026-03-01T12:00:00.000000",1.19751870632172
"CL","2026-03-01T13:00:00.000000",1.20286464691162
"CL","2026-03-01T14:00:00.000000",1.20598530769348
"CL","2026-03-01T15:00:00.000000",1.19960951805115
"CL","2026-03-01T16:00:00.000000",1.17536973953247
"CL","2026-03-01T17:00:00.000000",1.14481425285339
"CL","2026-03-01T18:00:00.000000",1.10682058334351
"CL","2026-03-01T19:00:00.000000",1.06756615638733
"CL","2026-03-01T20:00:00.000000",1.04739928245544
"CL","2026-03-01T21:00:00.000000",1.04447340965271
"CL","2026-03-01T22:00:00.000000",1.05356109142303
"CL","2026-03-01T23:00:00.000000",1.07001709938049
"CL","2026-03-02T00:00:00.000000",1.07869875431061
"CL","2026-03-02T01:00:00.000000",1.08199870586395
"CL","2026-03-02T02:00:00.000000",1.08466160297394
"CL","2026-03-02T03:00:00.000000",1.08889722824097
"CL","2026-03-02T04:00:00.000000",1.09608840942383
"CL","2026-03-02T05:00:00.000000",1.11014437675476
"CL","2026-03-02T06:00:00.000000",1.12802946567535
"CL","2026-03-02T07:00:00.000000",1.14050817489624
"CL","2026-03-02T08:00:00.000000",1.1510454416275
"CL","2026-03-02T09:00:00.000000",1.17987513542175
"CL","2026-03-02T10:00:00.000000",1.22426319122314
"CL","2026-03-02T11:00:00.000000",1.26397132873535
"CL","2026-03-02T12:00:00.000000",1.28950905799866
"CL","2026-03-02T13:00:00.000000",1.28991365432739
"CL","2026-03-02T14:00:00.000000",1.290198802948
"CL","2026-03-02T15:00:00.000000",1.28536772727966
"CL","2026-03-02T16:00:00.000000",1.27207434177399
"CL","2026-03-02T17:00:00.000000",1.25601828098297
"CL","2026-03-02T18:00:00.000000",1.23933529853821
"CL","2026-03-02T19:00:00.000000",1.21312618255615
"CL","2026-03-02T20:00:00.000000",1.17662358283997
"CL","2026-03-02T21:00:00.000000",1.15629541873932
"CL","2026-03-02T22:00:00.000000",1.16274905204773
"CL","2026-03-02T23:00:00.000000",1.17340838909149
"CL","2026-03-03T00:00:00.000000",1.16690182685852
