"","site_id","date","temp_daily_mean","temp_daily_median"
"1","AQ",2025-10-01,13.3487276633581,13.0360822677612
"2","AQ",2025-10-02,15.6894415219625,15.7229280471802
"3","AQ",2025-10-03,16.1053363482157,16.1025247573853
"4","AQ",2025-10-04,15.9778029123942,15.9833226203918
"5","AQ",2025-10-05,15.9947458902995,15.9906973838806
"6","AQ",2025-10-06,15.8232992092768,15.8121657371521
"7","AQ",2025-10-07,14.969663421313,15.1437196731567
"8","AQ",2025-10-08,13.8168190320333,13.8161749839783
"9","AQ",2025-10-09,14.4359205166499,14.5677623748779
"10","AQ",2025-10-10,14.9133599201838,14.8864812850952
"11","AQ",2025-10-11,15.0838111241659,15.0790643692017
"12","AQ",2025-10-12,15.1479435364405,15.1398196220398
"13","AQ",2025-10-13,15.0752276182175,15.0724987983704
"14","AQ",2025-10-14,14.8831501404444,14.8751783370972
"15","AQ",2025-10-15,14.9320830106735,14.8649678230286
"16","AQ",2025-10-16,14.8305653731028,14.7609481811523
"17","AQ",2025-10-17,14.2998169660568,14.2261061668396
"18","AQ",2025-10-18,14.0317643086116,13.9818439483643
"19","AQ",2025-10-19,13.9563687642415,13.9615030288696
"20","AQ",2025-10-20,13.8309696912766,13.8121891021729
"21","AQ",2025-10-21,13.8912741740545,13.903694152832
"22","AQ",2025-10-22,13.9601415395737,13.9615182876587
"23","AQ",2025-10-23,13.7206452290217,13.7541947364807
"24","AQ",2025-10-24,13.2368729909261,13.2109417915344
"25","AQ",2025-10-25,13.2102489074071,13.2021136283875
"26","AQ",2025-10-26,13.021129488945,12.9810056686401
"27","AQ",2025-10-27,12.9223509232203,12.920590877533
"28","AQ",2025-10-28,12.8233218590418,12.8059258460999
"29","AQ",2025-10-29,12.6268469492594,12.6042814254761
"30","AQ",2025-10-30,12.5297633806864,12.5294675827026
"31","AQ",2025-10-31,12.4472864071528,12.4360184669495
"32","AQ",2025-11-01,12.3804031610489,12.376745223999
"33","AQ",2025-11-02,12.2276648680369,12.1703214645386
"34","AQ",2025-11-03,12.0746041933695,12.0754179954529
"35","AQ",2025-11-04,11.8934658765793,11.8610038757324
"36","AQ",2025-11-05,11.6999526421229,11.6875224113464
"37","AQ",2025-11-06,11.5454684098562,11.5166711807251
"38","AQ",2025-11-07,11.3161791563034,11.3035683631897
"39","AQ",2025-11-08,11.2867729266485,11.3007626533508
"40","AQ",2025-11-09,11.2239049275716,11.1918654441833
"41","AQ",2025-11-10,10.6555438041687,10.5674209594727
"42","AQ",2025-11-11,10.5291417042414,10.454972743988
"43","AQ",2025-11-12,10.7693228721619,10.7523856163025
"44","AQ",2025-11-13,10.7462883790334,10.7336511611938
"45","AQ",2025-11-14,10.4562427997589,10.4452114105225
"46","AQ",2025-11-15,10.3059320847193,10.2937245368958
"47","AQ",2025-11-16,10.4016796350479,10.3933701515198
"48","AQ",2025-11-17,10.3029190699259,10.268566608429
"49","AQ",2025-11-18,10.2280607620875,10.2303175926208
"50","AQ",2025-11-19,10.2099715073903,10.1979870796204
"51","AQ",2025-11-20,10.0656124353409,10.0697059631348
"52","AQ",2025-11-21,9.95078078905741,9.95087242126465
"53","AQ",2025-11-22,9.91903305053711,9.94479513168335
"54","AQ",2025-11-23,9.67404421170553,9.68360567092896
"55","AQ",2025-11-24,9.55041531721751,9.55760145187378
"56","AQ",2025-11-25,9.47018035252889,9.46159076690674
"57","AQ",2025-11-26,9.45443038145701,9.45796346664429
"58","AQ",2025-11-27,9.45453751087189,9.44706344604492
"59","AQ",2025-11-28,9.55418638388316,9.55043506622314
"60","AQ",2025-11-29,9.50732624530792,9.51374912261963
"61","AQ",2025-11-30,9.37612132231394,9.37422704696655
"62","AQ",2025-12-01,9.27747921148936,9.27449703216553
"63","AQ",2025-12-02,9.09278237819672,9.07985877990723
"64","AQ",2025-12-03,8.80817659695943,8.81797122955322
"65","AQ",2025-12-04,8.73519281546275,8.78955745697021
"66","AQ",2025-12-05,8.61529533068339,8.62643003463745
"67","AQ",2025-12-06,8.6022481918335,8.60764074325562
"68","AQ",2025-12-07,8.55541658401489,8.5464301109314
"69","AQ",2025-12-08,8.31544987360636,8.29556131362915
"70","AQ",2025-12-09,8.06205151478449,8.08053684234619
"71","AQ",2025-12-10,7.96527622143428,7.96488499641418
"72","AQ",2025-12-11,7.9739136894544,7.97875618934631
"73","AQ",2025-12-12,7.97540533542633,7.96973752975464
"74","AQ",2025-12-13,8.14143021901449,8.11528348922729
"75","AQ",2025-12-14,8.21977106730143,8.23912715911865
"76","AQ",2025-12-15,7.79636466503143,7.78993916511536
"77","AQ",2025-12-16,7.6909702817599,7.6771023273468
"78","AQ",2025-12-17,7.71532831589381,7.7247576713562
"79","AQ",2025-12-18,7.56079910198847,7.58501124382019
"80","AQ",2025-12-19,7.4855672121048,7.48214554786682
"81","AQ",2025-12-20,7.25495040416718,7.26652431488037
"82","AQ",2025-12-21,7.3932116429011,7.43793678283691
"83","AQ",2025-12-22,7.20598791042964,7.22239637374878
"84","AQ",2025-12-23,7.12310439348221,7.14693331718445
"85","AQ",2025-12-24,6.99564931790034,6.98872303962708
"86","AQ",2025-12-25,6.7587705651919,6.76453804969788
"87","AQ",2025-12-26,6.5696900288264,6.57392001152039
"88","AQ",2025-12-27,6.4201403260231,6.42840504646301
"89","AQ",2025-12-28,6.29829086860021,6.297682762146
"90","AQ",2025-12-29,6.26537215709686,6.25376391410828
"91","AQ",2025-12-30,6.2535232702891,6.25775909423828
"92","AQ",2025-12-31,6.29738863309224,6.30461835861206
"93","AQ",2026-01-01,6.37392491102219,6.37399935722351
"94","AQ",2026-01-02,6.33818833033244,6.35841298103333
"95","AQ",2026-01-03,6.28924399614334,6.34013342857361
"96","AQ",2026-01-04,6.25393545627594,6.26616859436035
"97","AQ",2026-01-05,5.99346234401067,5.95194172859192
"98","AQ",2026-01-06,5.79953551292419,5.80710959434509
"99","AQ",2026-01-07,5.68304934104284,5.68379163742065
"100","AQ",2026-01-08,5.52255024512609,5.51028561592102
"101","AQ",2026-01-09,5.42753312985102,5.42255830764771
"102","AQ",2026-01-10,5.40779763460159,5.39631199836731
"103","AQ",2026-01-11,5.2402659257253,5.22395062446594
"104","AQ",2026-01-12,5.11065040032069,5.13083052635193
"105","AQ",2026-01-13,5.31312215328217,5.32646155357361
"106","AQ",2026-01-14,5.48154060045878,5.51578330993652
"107","AQ",2026-01-15,5.53095920880636,5.53564953804016
"108","AQ",2026-01-16,5.5360803604126,5.53036046028137
"109","AQ",2026-01-17,5.57867228984833,5.59429168701172
"110","AQ",2026-01-18,5.60395675897598,5.61711502075195
"111","AQ",2026-01-19,5.36302735408147,5.38010048866272
"112","AQ",2026-01-20,5.22827625274658,5.24504709243774
"113","AQ",2026-01-21,5.25154195229212,5.30335259437561
"114","AQ",2026-01-22,5.1629713177681,5.16662216186523
"115","AQ",2026-01-23,5.0389449596405,5.02973818778992
"116","AQ",2026-01-24,5.00459778308868,5.03845405578613
"117","AQ",2026-01-25,4.8924488623937,4.8810715675354
"118","AQ",2026-01-26,4.72226844231288,4.7274923324585
"119","AQ",2026-01-27,4.73680164416631,4.74133133888245
"120","CB",2025-10-01,13.6269839604696,13.5073885917664
"121","CB",2025-10-02,15.8793505032857,16.0643434524536
"122","CB",2025-10-03,16.4483114083608,16.4497203826904
"123","CB",2025-10-04,16.4180464744568,16.4195432662964
"124","CB",2025-10-05,16.5682411988576,16.5999698638916
"125","CB",2025-10-06,16.7088392575582,16.7545795440674
"126","CB",2025-10-07,16.5716474850972,16.4697914123535
"127","CB",2025-10-08,15.7095343271891,15.6749882698059
"128","CB",2025-10-09,15.9307955503464,15.9540400505066
"129","CB",2025-10-10,15.9361530145009,15.9262809753418
"130","CB",2025-10-11,15.8090360959371,15.7941312789917
"131","CB",2025-10-12,15.5887242158254,15.6350774765015
"132","CB",2025-10-13,15.1621435483297,15.0680212974548
"133","CB",2025-10-14,14.8280307849248,14.8409953117371
"134","CB",2025-10-15,14.6200759013494,14.6267638206482
"135","CB",2025-10-16,14.2862032254537,14.2783842086792
"136","CB",2025-10-17,13.9226931730906,13.8714938163757
"137","CB",2025-10-18,13.6767603556315,13.6256260871887
"138","CB",2025-10-19,13.7785411675771,13.7763271331787
"139","CB",2025-10-20,13.6323056221008,13.6325168609619
"140","CB",2025-10-21,13.3172768354416,13.3123559951782
"141","CB",2025-10-22,13.3201776742935,13.3236975669861
"142","CB",2025-10-23,13.283494591713,13.2516241073608
"143","CB",2025-10-24,13.1737470229467,13.167407989502
"144","CB",2025-10-25,13.1254637638728,13.1193137168884
"145","CB",2025-10-26,12.8456360896428,12.7828211784363
"146","CB",2025-10-27,12.5474130709966,12.5311388969421
"147","CB",2025-10-28,12.3858463366826,12.3586440086365
"148","CB",2025-10-29,12.2411325772603,12.2314672470093
"149","CB",2025-10-30,12.2498890558879,12.185239315033
"150","CB",2025-10-31,12.5550055106481,12.5474438667297
"151","CB",2025-11-01,12.3316403627396,12.3150854110718
"152","CB",2025-11-02,12.0644989411036,12.0332374572754
"153","CB",2025-11-03,11.9467355410258,11.9536719322205
"154","CB",2025-11-04,11.8700673182805,11.8534684181213
"155","CB",2025-11-05,11.7249152263006,11.7138519287109
"156","CB",2025-11-06,11.4411693016688,11.3863205909729
"157","CB",2025-11-07,11.2182172139486,11.2212281227112
"158","CB",2025-11-08,11.3168148994446,11.3203115463257
"159","CB",2025-11-09,11.2378047704697,11.2376098632812
"160","CB",2025-11-10,10.8910102844238,10.8400411605835
"161","CB",2025-11-11,10.7978272835414,10.7980380058289
"162","CB",2025-11-12,10.6925797859828,10.6740498542786
"163","CB",2025-11-13,10.4189236561457,10.4105334281921
"164","CB",2025-11-14,10.0279235839844,9.97564840316772
"165","CB",2025-11-15,9.89154489835103,9.88541221618652
"166","CB",2025-11-16,9.94803885618846,9.91708421707153
"167","CB",2025-11-17,9.88184718290965,9.87669706344604
"168","CB",2025-11-18,9.78347047170003,9.78606367111206
"169","CB",2025-11-19,9.6504830121994,9.65136575698853
"170","CB",2025-11-20,9.56114002068838,9.54619789123535
"171","CB",2025-11-21,9.45082581043243,9.44458341598511
"172","CB",2025-11-22,9.44154314200083,9.44725751876831
"173","CB",2025-11-23,9.2779643535614,9.26976251602173
"174","CB",2025-11-24,9.14909223715464,9.11971569061279
"175","CB",2025-11-25,9.07875887552897,9.0742244720459
"176","CB",2025-11-26,9.2179057598114,9.23922538757324
"177","CB",2025-11-27,9.27574106057485,9.27163553237915
"178","CB",2025-11-28,9.20173664887746,9.20591640472412
"179","CB",2025-11-29,9.11713314056396,9.1176176071167
"180","CB",2025-11-30,9.13279974460602,9.14264488220215
"181","CB",2025-12-01,9.13930543263753,9.19960832595825
"182","CB",2025-12-02,8.96739625930786,8.98149490356445
"183","CB",2025-12-03,8.73230218887329,8.68374061584473
"184","CB",2025-12-04,8.49953611691793,8.49417495727539
"185","CB",2025-12-05,8.3634557723999,8.37806129455566
"186","CB",2025-12-06,8.46320609251658,8.38272094726562
"187","CB",2025-12-07,8.48381102085114,8.3729453086853
"188","CB",2025-12-08,8.26104239622752,8.2328405380249
"189","CB",2025-12-09,8.13816638787588,8.1319580078125
"190","CB",2025-12-10,8.01333685715993,8.02562522888184
"191","CB",2025-12-11,7.82590466737747,7.84219932556152
"192","CB",2025-12-12,7.79984293381373,7.83743929862976
"193","CB",2025-12-13,7.79427075386047,7.77899050712585
"194","CB",2025-12-14,7.99625951051712,8.11193466186523
"195","CB",2025-12-15,7.66545873880386,7.66947436332703
"196","CB",2025-12-16,7.50843300422033,7.48731756210327
"197","CB",2025-12-17,7.58577201763789,7.59230017662048
"198","CB",2025-12-18,7.76339628299077,7.76364946365356
"199","CB",2025-12-19,8.17209645112356,8.19051885604858
"200","CB",2025-12-20,7.80867258707682,7.78328371047974
"201","CB",2025-12-21,7.5918181737264,7.61085176467896
"202","CB",2025-12-22,7.47956856091817,7.48254728317261
"203","CB",2025-12-23,7.3800305724144,7.37337112426758
"204","CB",2025-12-24,7.19848769903183,7.1908278465271
"205","CB",2025-12-25,7.05961720148722,7.05207920074463
"206","CB",2025-12-26,6.91699286301931,6.9179425239563
"207","CB",2025-12-27,6.80633642276128,6.82053542137146
"208","CB",2025-12-28,6.61713435252507,6.61787819862366
"209","CB",2025-12-29,6.93165489037832,7.119793176651
"210","CB",2025-12-30,6.88751548528671,6.82083773612976
"211","CB",2025-12-31,6.61415801445643,6.63402342796326
"212","CB",2026-01-01,6.68212880690893,6.76267981529236
"213","CB",2026-01-02,6.36312840382258,6.39730954170227
"214","CB",2026-01-03,6.2164732615153,6.22485136985779
"215","CB",2026-01-04,6.12872358163198,6.14677786827087
"216","CB",2026-01-05,5.94029345115026,5.92310214042664
"217","CB",2026-01-06,5.6534451842308,5.63100266456604
"218","CB",2026-01-07,5.64633150895437,5.64400744438171
"219","CB",2026-01-08,5.59987703959147,5.58960151672363
"220","CB",2026-01-09,5.58813011646271,5.52529120445251
"221","CB",2026-01-10,6.22884261608124,6.246990442276
"222","CB",2026-01-11,6.39179613192876,6.56491589546204
"223","CB",2026-01-12,5.68323502937953,5.65965938568115
"224","CB",2026-01-13,5.60410378376643,5.59080195426941
"225","CB",2026-01-14,6.25889265537262,6.29256296157837
"226","CB",2026-01-15,6.39687083164851,6.41196489334106
"227","CB",2026-01-16,6.04288186629613,6.05254864692688
"228","CB",2026-01-17,5.82724070549011,5.82954049110413
"229","CB",2026-01-18,5.73981640736262,5.74994969367981
"230","CB",2026-01-19,5.46107224623362,5.46579623222351
"231","CB",2026-01-20,5.31714254617691,5.32623839378357
"232","CB",2026-01-21,5.15722453594208,5.12172293663025
"233","CB",2026-01-22,5.1061564485232,5.13053464889526
"234","CB",2026-01-23,5.10400742292404,5.13499426841736
"235","CB",2026-01-24,5.07678864399592,5.07910180091858
"236","CB",2026-01-25,5.22105836868286,5.25789046287537
"237","CB",2026-01-26,5.28500604629517,5.3576192855835
"238","CB",2026-01-27,4.94075763225555,4.9432590007782
"239","CC",2025-10-01,15.4619903961817,15.2522912025452
"240","CC",2025-10-02,16.7745935916901,16.8216323852539
"241","CC",2025-10-03,17.3907917340597,17.3451194763184
"242","CC",2025-10-04,18.5717163085938,18.6238842010498
"243","CC",2025-10-05,18.7688043117523,18.7744388580322
"244","CC",2025-10-06,18.9770910739899,18.9574241638184
"245","CC",2025-10-07,19.4217040538788,19.3476781845093
"246","CC",2025-10-08,19.6990438302358,19.7026662826538
"247","CC",2025-10-09,19.3276018301646,19.2679948806763
"248","CC",2025-10-10,18.9416614373525,18.8922643661499
"249","CC",2025-10-11,18.8139414787292,18.8133211135864
"250","CC",2025-10-12,18.7354113260905,18.7285947799683
"251","CC",2025-10-13,18.4223588307699,18.3913803100586
"252","CC",2025-10-14,18.203194697698,18.1968727111816
"253","CC",2025-10-15,17.7026257514954,17.6170787811279
"254","CC",2025-10-16,16.8870298067729,16.8022394180298
"255","CC",2025-10-17,15.983837723732,15.8810286521912
"256","CC",2025-10-18,15.7664861281713,15.7602663040161
"257","CC",2025-10-19,15.7327901522319,15.7562379837036
"258","CC",2025-10-20,15.501537322998,15.4765810966492
"259","CC",2025-10-21,15.4168978532155,15.4168214797974
"260","CC",2025-10-22,15.7314071655273,15.7448272705078
"261","CC",2025-10-23,15.6535885731379,15.6277976036072
"262","CC",2025-10-24,15.2717446088791,15.2078151702881
"263","CC",2025-10-25,15.1506674289703,15.1478309631348
"264","CC",2025-10-26,15.0259245634079,14.9966177940369
"265","CC",2025-10-27,14.7856754461924,14.7503552436829
"266","CC",2025-10-28,14.5812728007634,14.5705099105835
"267","CC",2025-10-29,14.2453458706538,14.2148909568787
"268","CC",2025-10-30,14.0073923667272,13.9995317459106
"269","CC",2025-10-31,13.940793911616,13.9347939491272
"270","CC",2025-11-01,13.657334446907,13.5970129966736
"271","CC",2025-11-02,13.3708380063375,13.3460841178894
"272","CC",2025-11-03,13.105593919754,13.0896091461182
"273","CC",2025-11-04,12.8259132703145,12.8133964538574
"274","CC",2025-11-05,12.5830127795537,12.5740571022034
"275","CC",2025-11-06,12.2144043842951,12.1710376739502
"276","CC",2025-11-07,11.823327978452,11.7925977706909
"277","CC",2025-11-08,11.719540476799,11.7419710159302
"278","CC",2025-11-09,11.5198358297348,11.4656238555908
"279","CC",2025-11-10,11.2627991040548,11.2501635551453
"280","CC",2025-11-11,11.42482539018,11.4377942085266
"281","CC",2025-11-12,11.4649920463562,11.4631457328796
"282","CC",2025-11-13,11.3784891366959,11.3526420593262
"283","CC",2025-11-14,11.0884730815887,11.0292387008667
"284","CC",2025-11-15,10.5219691594442,10.4607071876526
"285","CC",2025-11-16,10.1877304315567,10.1628832817078
"286","CC",2025-11-17,9.61430239677429,9.54247713088989
"287","CC",2025-11-18,9.23116250832876,9.22941207885742
"288","CC",2025-11-19,9.1511340936025,9.14221143722534
"289","CC",2025-11-20,9.057479540507,9.04675579071045
"290","CC",2025-11-21,9.02412740389506,9.03201818466187
"291","CC",2025-11-22,8.95529389381409,8.96205139160156
"292","CC",2025-11-23,8.97843297322591,8.99133968353271
"293","CC",2025-11-24,8.74952014287313,8.71988296508789
"294","CC",2025-11-25,8.65283445517222,8.65964555740356
"295","CC",2025-11-26,8.55117932955424,8.54926586151123
"296","CC",2025-11-27,8.59730124473572,8.59887599945068
"297","CC",2025-11-28,8.54298174381256,8.5646595954895
"298","CC",2025-11-29,8.36741888523102,8.36019277572632
"299","CC",2025-11-30,8.34433360894521,8.37218761444092
"300","CC",2025-12-01,8.17947884400686,8.19179677963257
"301","CC",2025-12-02,8.11739802360535,8.13686037063599
"302","CC",2025-12-03,7.98715738455455,7.97726368904114
"303","CC",2025-12-04,7.88963800668716,7.90259718894958
"304","CC",2025-12-05,7.66011122862498,7.65406656265259
"305","CC",2025-12-06,7.5895761847496,7.61759662628174
"306","CC",2025-12-07,7.45382914940516,7.44164371490479
"307","CC",2025-12-08,7.18139100074768,7.10368537902832
"308","CC",2025-12-09,6.9603252808253,6.9635968208313
"309","CC",2025-12-10,6.71133649349213,6.6934769153595
"310","CC",2025-12-11,6.41575584808985,6.43317794799805
"311","CC",2025-12-12,6.08901443084081,6.08268475532532
"312","CC",2025-12-13,5.90318564573924,5.90678381919861
"313","CC",2025-12-14,5.76398193836212,5.77111291885376
"314","CC",2025-12-15,5.54927635192871,5.56769680976868
"315","CC",2025-12-16,5.25599827369054,5.25427937507629
"316","CC",2025-12-17,5.03181616465251,4.99245762825012
"317","CC",2025-12-18,4.72738516330719,4.70743441581726
"318","CC",2025-12-19,4.50034056107203,4.48632621765137
"319","CC",2025-12-20,4.36272400617599,4.34028363227844
"320","CC",2025-12-21,4.30263912677765,4.30051183700562
"321","CC",2025-12-22,4.29621642827988,4.29331159591675
"322","CC",2025-12-23,4.24677981932958,4.24160289764404
"323","CC",2025-12-24,4.13693565130234,4.13324642181396
"324","CC",2025-12-25,4.07856518030167,4.09109616279602
"325","CC",2025-12-26,3.99915396173795,3.98983192443848
"326","CC",2025-12-27,4.02974114815394,4.0330216884613
"327","CC",2025-12-28,3.91824213663737,3.917156457901
"328","CC",2025-12-29,3.64854826529821,3.58785533905029
"329","CC",2025-12-30,3.4158940911293,3.40401256084442
"330","CC",2025-12-31,3.15116239587466,3.14313125610352
"331","CC",2026-01-01,2.93917894363403,2.91340410709381
"332","CC",2026-01-02,2.66561610500018,2.65550577640533
"333","CC",2026-01-03,2.50558909773827,2.49956810474396
"334","CC",2026-01-04,2.39764542380969,2.39287984371185
"335","CC",2026-01-05,2.3143546183904,2.30000483989716
"336","CC",2026-01-06,2.22589087486267,2.2186404466629
"337","CC",2026-01-07,2.18950894474983,2.19772660732269
"338","CC",2026-01-08,2.07188054919243,2.0732262134552
"339","CC",2026-01-09,2.02903196712335,2.0477842092514
"340","CC",2026-01-10,1.90243428945541,1.89924019575119
"341","CC",2026-01-11,1.92898299296697,1.92989277839661
"342","CC",2026-01-12,1.84635830422242,1.8374348282814
"343","CC",2026-01-13,1.90024641156197,1.89567798376083
"344","CC",2026-01-14,1.98046135902405,2.00385427474976
"345","CC",2026-01-15,2.10156774520874,2.08739984035492
"346","CC",2026-01-16,2.1179344256719,2.12158799171448
"347","CC",2026-01-17,2.06955091158549,2.05952310562134
"348","CC",2026-01-18,2.15664878487587,2.16063642501831
"349","CC",2026-01-19,2.19601871569951,2.1946542263031
"350","CC",2026-01-20,2.1099495391051,2.10901868343353
"351","CC",2026-01-21,2.03560828665892,2.03909194469452
"352","CC",2026-01-22,1.95433753232161,1.94653671979904
"353","CC",2026-01-23,1.93140994509061,1.93264454603195
"354","CC",2026-01-24,1.8906130840381,1.88028264045715
"355","CC",2026-01-25,1.94255818923314,1.95564252138138
"356","CC",2026-01-26,1.87955014407635,1.86602354049683
"357","CC",2026-01-27,1.81464731693268,1.81457644701004
"358","CL",2025-10-01,16.5805981953939,16.8198127746582
"359","CL",2025-10-02,18.5640070438385,18.5486516952515
"360","CL",2025-10-03,19.2264109452565,19.2727031707764
"361","CL",2025-10-04,19.0618801911672,19.1164741516113
"362","CL",2025-10-05,18.7933216094971,18.804141998291
"363","CL",2025-10-06,19.1120063463847,19.0954656600952
"364","CL",2025-10-07,19.2948528130849,19.2350292205811
"365","CL",2025-10-08,19.2416136264801,19.2576198577881
"366","CL",2025-10-09,18.7683702309926,18.660439491272
"367","CL",2025-10-10,18.6921808719635,18.7345094680786
"368","CL",2025-10-11,18.7679998874664,18.7315168380737
"369","CL",2025-10-12,18.4811491171519,18.4651184082031
"370","CL",2025-10-13,18.1523183981578,18.1153564453125
"371","CL",2025-10-14,17.8676426410675,17.8882999420166
"372","CL",2025-10-15,17.8809891541799,17.9353437423706
"373","CL",2025-10-16,17.8279715379079,17.8050804138184
"374","CL",2025-10-17,17.5737999280294,17.5896663665771
"375","CL",2025-10-18,17.2609841823578,17.2814083099365
"376","CL",2025-10-19,17.083393017451,17.0712862014771
"377","CL",2025-10-20,16.8708105882009,16.8858938217163
"378","CL",2025-10-21,16.8036983013153,16.8041696548462
"379","CL",2025-10-22,16.9086089928945,16.9293756484985
"380","CL",2025-10-23,16.7611753940582,16.7450227737427
"381","CL",2025-10-24,16.7641622225444,16.8290538787842
"382","CL",2025-10-25,16.6105005741119,16.5927495956421
"383","CL",2025-10-26,16.4807546933492,16.5111875534058
"384","CL",2025-10-27,16.333244005839,16.3517208099365
"385","CL",2025-10-28,16.0172130266825,15.9910182952881
"386","CL",2025-10-29,15.7322793404261,15.7288174629211
"387","CL",2025-10-30,15.5548375447591,15.5433297157288
"388","CL",2025-10-31,15.370619058609,15.3405246734619
"389","CL",2025-11-01,15.1696172157923,15.1685218811035
"390","CL",2025-11-02,15.0285158952077,15.051215171814
"391","CL",2025-11-03,14.7826029062271,14.7692251205444
"392","CL",2025-11-04,14.502841591835,14.5140309333801
"393","CL",2025-11-05,14.3642320632935,14.4446082115173
"394","CL",2025-11-06,14.2090419530869,14.2126607894897
"395","CL",2025-11-07,14.1300010283788,14.1717643737793
"396","CL",2025-11-08,13.9131424824397,13.932948589325
"397","CL",2025-11-09,13.8417577346166,13.8541688919067
"398","CL",2025-11-10,13.6530402501424,13.6526384353638
"399","CL",2025-11-11,13.4937416712443,13.5350666046143
"400","CL",2025-11-12,13.2828501065572,13.3137102127075
"401","CL",2025-11-13,13.1457081238429,13.1986680030823
"402","CL",2025-11-14,12.8145147164663,12.8433074951172
"403","CL",2025-11-15,12.6297067801158,12.6710729598999
"404","CL",2025-11-16,12.1502111355464,12.0474963188171
"405","CL",2025-11-17,11.8592916329702,11.8101859092712
"406","CL",2025-11-18,12.3779013554255,12.4708676338196
"407","CL",2025-11-19,12.6211704015732,12.8101906776428
"408","CL",2025-11-20,12.579989473025,12.5908889770508
"409","CL",2025-11-21,12.2880056699117,12.2666444778442
"410","CL",2025-11-22,11.920493443807,11.9488463401794
"411","CL",2025-11-23,11.807617465655,11.8325662612915
"412","CL",2025-11-24,11.517870982488,11.5090475082397
"413","CL",2025-11-25,11.4605675141017,11.4998846054077
"414","CL",2025-11-26,11.3165712356567,11.3545689582825
"415","CL",2025-11-27,11.2681879202525,11.3549108505249
"416","CL",2025-11-28,11.4339131116867,11.6282677650452
"417","CL",2025-11-29,11.2649358908335,11.5062789916992
"418","CL",2025-11-30,11.341942469279,11.352744102478
"419","CL",2025-12-01,11.0152337153753,11.186806678772
"420","CL",2025-12-02,11.0090533494949,11.0340685844421
"421","CL",2025-12-03,10.7700999180476,10.8023538589478
"422","CL",2025-12-04,10.4990351994832,10.507842540741
"423","CL",2025-12-05,10.3418498833974,10.3956651687622
"424","CL",2025-12-06,10.155566851298,10.1582818031311
"425","CL",2025-12-07,9.90758868058523,9.885094165802
"426","CL",2025-12-08,9.73729944229126,9.74892568588257
"427","CL",2025-12-09,9.86038589477539,9.91990995407104
"428","CL",2025-12-10,9.63185099760691,9.64824914932251
"429","CL",2025-12-11,9.46081006526947,9.58314418792725
"430","CL",2025-12-12,9.24024025599162,9.15533065795898
"431","CL",2025-12-13,9.15715249379476,9.29912900924683
"432","CL",2025-12-14,9.11309512456258,9.14385414123535
"433","CL",2025-12-15,8.8832901318868,8.92609596252441
"434","CL",2025-12-16,8.64704898993174,8.72432804107666
"435","CL",2025-12-17,8.48665901025136,8.53310680389404
"436","CL",2025-12-18,8.27090921004613,8.38313055038452
"437","CL",2025-12-19,8.16693278153737,8.22092056274414
"438","CL",2025-12-20,7.71824981768926,7.58020281791687
"439","CL",2025-12-21,7.77656378348668,7.84204959869385
"440","CL",2025-12-22,7.66611715157827,7.7550847530365
"441","CL",2025-12-23,7.83044711748759,7.92288136482239
"442","CL",2025-12-24,7.64452429612478,7.62584972381592
"443","CL",2025-12-25,7.4926998813947,7.51021814346313
"444","CL",2025-12-26,7.51565402746201,7.56132650375366
"445","CL",2025-12-27,7.50134883324305,7.53270888328552
"446","CL",2025-12-28,7.25852183500926,7.28998398780823
"447","CL",2025-12-29,6.96941735347112,6.94578218460083
"448","CL",2025-12-30,6.64908760786057,6.79986572265625
"449","CL",2025-12-31,6.4878779053688,6.59087133407593
"450","CL",2026-01-01,6.40661742289861,6.49280548095703
"451","CL",2026-01-02,6.26841884851456,6.37902450561523
"452","CL",2026-01-03,6.29298994938533,6.46281218528748
"453","CL",2026-01-04,6.19308624664942,6.25918364524841
"454","CL",2026-01-05,5.98132795095444,6.00884699821472
"455","CL",2026-01-06,5.68462745348612,5.63497805595398
"456","CL",2026-01-07,5.54845054944356,5.55460333824158
"457","CL",2026-01-08,5.45695543289185,5.4711172580719
"458","CL",2026-01-09,5.296215792497,5.2902295589447
"459","CL",2026-01-10,5.09829570849737,5.12815499305725
"460","CL",2026-01-11,4.88629573583603,4.89656758308411
"461","CL",2026-01-12,4.67405146360397,4.72759819030762
"462","CL",2026-01-13,4.79503697156906,4.83959150314331
"463","CL",2026-01-14,4.85828862587611,4.92854022979736
"464","CL",2026-01-15,4.76848993698756,4.86669278144836
"465","CL",2026-01-16,4.60812811056773,4.58174729347229
"466","CL",2026-01-17,4.69110018014908,4.80095052719116
"467","CL",2026-01-18,4.70137989521027,4.75532031059265
"468","CL",2026-01-19,4.70215910673141,4.79866194725037
"469","CL",2026-01-20,4.64324893554052,4.77592587471008
"470","CL",2026-01-21,4.75147271156311,4.95564794540405
"471","CL",2026-01-22,4.83556365966797,4.9361355304718
"472","CL",2026-01-23,4.74108219146729,4.98639750480652
"473","CL",2026-01-24,4.66981709003448,4.55214548110962
"474","CL",2026-01-25,4.80478962262471,5.00561499595642
"475","CL",2026-01-26,4.7858821551005,4.84055376052856
"476","CL",2026-01-27,4.62309273084005,4.6624584197998
"477","DC",2025-10-01,13.8840843041738,13.6614246368408
"478","DC",2025-10-02,16.4431769450506,16.5843982696533
"479","DC",2025-10-03,16.545617500941,16.5292835235596
"480","DC",2025-10-04,16.446507136027,16.4592180252075
"481","DC",2025-10-05,16.2021260261536,16.1089324951172
"482","DC",2025-10-06,16.1113967100779,15.9889779090881
"483","DC",2025-10-07,15.640496134758,15.311267375946
"484","DC",2025-10-08,15.1858052810033,15.3303742408752
"485","DC",2025-10-09,15.9391589562098,15.9437232017517
"486","DC",2025-10-10,15.9566410779953,15.9695067405701
"487","DC",2025-10-11,15.7725025415421,15.7872834205627
"488","DC",2025-10-12,15.3583554029465,15.5417442321777
"489","DC",2025-10-13,14.9865061044693,15.0153760910034
"490","DC",2025-10-14,14.838810245196,14.8568987846375
"491","DC",2025-10-15,14.586950858434,14.5968208312988
"492","DC",2025-10-16,14.1664291620255,14.0910725593567
"493","DC",2025-10-17,13.9040389458338,13.8894810676575
"494","DC",2025-10-18,13.8681558767955,13.8674917221069
"495","DC",2025-10-19,13.773473183314,13.747239112854
"496","DC",2025-10-20,13.5492421388626,13.617413520813
"497","DC",2025-10-21,13.2372084061305,13.2718653678894
"498","DC",2025-10-22,13.2656303246816,13.3391122817993
"499","DC",2025-10-23,13.1850465536118,13.2003788948059
"500","DC",2025-10-24,13.0048412879308,13.0145092010498
"501","DC",2025-10-25,13.111932237943,13.1139721870422
"502","DC",2025-10-26,12.80597559611,12.7636151313782
"503","DC",2025-10-27,12.4963451226552,12.46564245224
"504","DC",2025-10-28,12.360999027888,12.3465757369995
"505","DC",2025-10-29,12.2547349135081,12.2470541000366
"506","DC",2025-10-30,12.3732532262802,12.3672308921814
"507","DC",2025-10-31,12.5623582998912,12.5787672996521
"508","DC",2025-11-01,12.3148053089778,12.2719993591309
"509","DC",2025-11-02,12.1150257587433,12.1065282821655
"510","DC",2025-11-03,12.0659513870875,12.1156363487244
"511","DC",2025-11-04,11.8017208178838,11.8149199485779
"512","DC",2025-11-05,11.7267595132192,11.718918800354
"513","DC",2025-11-06,11.3754152456919,11.3585362434387
"514","DC",2025-11-07,11.2487296660741,11.2307109832764
"515","DC",2025-11-08,11.3225636482239,11.3038206100464
"516","DC",2025-11-09,11.2161290645599,11.2325534820557
"517","DC",2025-11-10,10.7843098640442,10.7485928535461
"518","DC",2025-11-11,10.789050579071,10.7914295196533
"519","DC",2025-11-12,10.6789503892263,10.6557192802429
"520","DC",2025-11-13,10.4575856129328,10.5387663841248
"521","DC",2025-11-14,10.013414978981,9.97251033782959
"522","DC",2025-11-15,9.88552832603455,9.88057708740234
"523","DC",2025-11-16,10.038708726565,9.95292711257935
"524","DC",2025-11-17,9.88099173704783,9.88162708282471
"525","DC",2025-11-18,9.76719776789347,9.76915597915649
"526","DC",2025-11-19,9.76174012819926,9.73940277099609
"527","DC",2025-11-20,9.74352641900381,9.77696990966797
"528","DC",2025-11-21,9.73651965459188,9.75031614303589
"529","DC",2025-11-22,9.64635133743286,9.65825510025024
"530","DC",2025-11-23,9.29174486796061,9.28766679763794
"531","DC",2025-11-24,9.10215731461843,9.09073162078857
"532","DC",2025-11-25,9.09297450383504,9.08945226669312
"533","DC",2025-11-26,9.23705649375916,9.24078273773193
"534","DC",2025-11-27,9.37757873535156,9.35082149505615
"535","DC",2025-11-28,9.40436335404714,9.40871572494507
"536","DC",2025-11-29,9.17764266331991,9.15412855148315
"537","DC",2025-11-30,9.22637438774109,9.29588174819946
"538","DC",2025-12-01,9.13630946477254,9.1095404624939
"539","DC",2025-12-02,9.01336646080017,9.01429605484009
"540","DC",2025-12-03,8.83004089196523,8.76614093780518
"541","DC",2025-12-04,8.56779158115387,8.55628681182861
"542","DC",2025-12-05,8.38551799456278,8.3946852684021
"543","DC",2025-12-06,8.66850515206655,8.63218545913696
"544","DC",2025-12-07,8.62948540846507,8.62919807434082
"545","DC",2025-12-08,8.28183917204539,8.26435565948486
"546","DC",2025-12-09,8.13080139954885,8.1479811668396
"547","DC",2025-12-10,8.04550192753474,8.00120186805725
"548","DC",2025-12-11,7.92740492026011,7.85915660858154
"549","DC",2025-12-12,7.83507418632507,7.84883403778076
"550","DC",2025-12-13,8.00721019506454,8.02845859527588
"551","DC",2025-12-14,8.17888307571411,8.21452617645264
"552","DC",2025-12-15,7.72087474664052,7.71651554107666
"553","DC",2025-12-16,7.52356670300166,7.50644659996033
"554","DC",2025-12-17,7.71491418282191,7.72083401679993
"555","DC",2025-12-18,7.92388105392456,7.99608182907104
"556","DC",2025-12-19,8.14421129226685,8.20509338378906
"557","DC",2025-12-20,7.80193841457367,7.8093249797821
"558","DC",2025-12-21,7.72629565000534,7.70212340354919
"559","DC",2025-12-22,7.50937594970067,7.50570392608643
"560","DC",2025-12-23,7.35836189985275,7.37805581092834
"561","DC",2025-12-24,7.22153240442276,7.19388723373413
"562","DC",2025-12-25,7.06940950949987,7.06215476989746
"563","DC",2025-12-26,6.94273555278778,6.92817044258118
"564","DC",2025-12-27,6.8002579609553,6.78463244438171
"565","DC",2025-12-28,6.55441772937775,6.52473139762878
"566","DC",2025-12-29,7.06788033246994,7.22526121139526
"567","DC",2025-12-30,6.8622888525327,6.82756781578064
"568","DC",2025-12-31,6.74645662307739,6.73097658157349
"569","DC",2026-01-01,6.80037558078766,6.79275798797607
"570","DC",2026-01-02,6.41861508289973,6.42492270469666
"571","DC",2026-01-03,6.30368622144063,6.2945351600647
"572","DC",2026-01-04,6.33545651038488,6.35504508018494
"573","DC",2026-01-05,5.91952908039093,5.95302152633667
"574","DC",2026-01-06,5.62636057535807,5.60639834403992
"575","DC",2026-01-07,5.74948124090831,5.72796893119812
"576","DC",2026-01-08,5.62888314326604,5.63712692260742
"577","DC",2026-01-09,5.8063179453214,5.6455385684967
"578","DC",2026-01-10,6.47249927123388,6.63247466087341
"579","DC",2026-01-11,6.55745265881221,6.71952414512634
"580","DC",2026-01-12,5.68617661794027,5.68380117416382
"581","DC",2026-01-13,5.94824308156967,5.93975782394409
"582","DC",2026-01-14,6.34426025549571,6.35984444618225
"583","DC",2026-01-15,6.3584663271904,6.42584323883057
"584","DC",2026-01-16,6.06428736448288,6.06367468833923
"585","DC",2026-01-17,5.94044264157613,5.91400003433228
"586","DC",2026-01-18,6.03453679879506,6.10729360580444
"587","DC",2026-01-19,5.65946664412816,5.5036346912384
"588","DC",2026-01-20,5.35231081644694,5.32897186279297
"589","DC",2026-01-21,5.18784755468369,5.18714666366577
"590","DC",2026-01-22,5.15350625912348,5.15610575675964
"591","DC",2026-01-23,5.18221640586853,5.1732280254364
"592","DC",2026-01-24,5.23623591661453,5.17538738250732
"593","DC",2026-01-25,5.38044170538584,5.38667821884155
"594","DC",2026-01-26,5.4645001689593,5.48130059242249
"595","DC",2026-01-27,5.16698769728343,5.17657446861267
"596","GB",2025-10-01,16.352067788442,16.0643286705017
"597","GB",2025-10-02,18.0171725749969,17.9111995697021
"598","GB",2025-10-03,18.230394522349,18.335841178894
"599","GB",2025-10-04,19.0776930650075,19.0729293823242
"600","GB",2025-10-05,19.3582667509715,19.3541612625122
"601","GB",2025-10-06,19.5180225372314,19.5092620849609
"602","GB",2025-10-07,19.6321783065796,19.623122215271
"603","GB",2025-10-08,19.7237790425618,19.7257280349731
"604","GB",2025-10-09,19.4502453804016,19.4598340988159
"605","GB",2025-10-10,19.018588701884,19.0044221878052
"606","GB",2025-10-11,19.1065325737,19.134991645813
"607","GB",2025-10-12,19.184413433075,19.1819171905518
"608","GB",2025-10-13,18.74911292394,18.7366209030151
"609","GB",2025-10-14,18.3681050141652,18.3557262420654
"610","GB",2025-10-15,18.0874727567037,18.095272064209
"611","GB",2025-10-16,17.7197995185852,17.6971769332886
"612","GB",2025-10-17,16.9630533854167,16.8958377838135
"613","GB",2025-10-18,16.5915975570679,16.634973526001
"614","GB",2025-10-19,16.3081891536713,16.2450361251831
"615","GB",2025-10-20,15.9356693824132,15.8947720527649
"616","GB",2025-10-21,15.9727297623952,15.9987559318542
"617","GB",2025-10-22,16.1377481619517,16.1311664581299
"618","GB",2025-10-23,16.0719593365987,16.0740919113159
"619","GB",2025-10-24,16.0018690824509,15.9850716590881
"620","GB",2025-10-25,15.8736081123352,15.8754191398621
"621","GB",2025-10-26,15.7766199906667,15.775773525238
"622","GB",2025-10-27,15.5587475299835,15.5500445365906
"623","GB",2025-10-28,15.2786006530126,15.2645063400269
"624","GB",2025-10-29,14.6261028051376,14.5754528045654
"625","GB",2025-10-30,14.1296601692835,14.116268157959
"626","GB",2025-10-31,14.103675643603,14.0858020782471
"627","GB",2025-11-01,14.1751133600871,14.1243982315063
"628","GB",2025-11-02,14.1852774620056,14.2167353630066
"629","GB",2025-11-03,13.9260083436966,13.9036951065063
"630","GB",2025-11-04,13.5997641086578,13.5925345420837
"631","GB",2025-11-05,13.4026616414388,13.4319033622742
"632","GB",2025-11-06,13.2501881122589,13.2562441825867
"633","GB",2025-11-07,13.1150166988373,13.1441783905029
"634","GB",2025-11-08,12.8040830691655,12.7827258110046
"635","GB",2025-11-09,12.5792647600174,12.5698304176331
"636","GB",2025-11-10,12.3979992469152,12.3883781433105
"637","GB",2025-11-11,12.1654458840688,12.1877446174622
"638","GB",2025-11-12,12.1269159317017,12.1268239021301
"639","GB",2025-11-13,12.0315073331197,12.0370941162109
"640","GB",2025-11-14,11.7273469765981,11.6993808746338
"641","GB",2025-11-15,11.4596188465754,11.4631056785583
"642","GB",2025-11-16,11.0674784183502,11.0266313552856
"643","GB",2025-11-17,10.8805362383525,10.9380230903625
"644","GB",2025-11-18,10.7573291063309,10.7943158149719
"645","GB",2025-11-19,10.4236629009247,10.4478068351746
"646","GB",2025-11-20,10.1995050112406,10.2751698493958
"647","GB",2025-11-21,10.107864578565,10.1094741821289
"648","GB",2025-11-22,9.94631846745809,9.97729778289795
"649","GB",2025-11-23,9.7513275941213,9.79502391815186
"650","GB",2025-11-24,9.46069288253784,9.45653867721558
"651","GB",2025-11-25,9.29449840386709,9.32846832275391
"652","GB",2025-11-26,9.24681977430979,9.29313468933105
"653","GB",2025-11-27,9.20757420857747,9.21558856964111
"654","GB",2025-11-28,9.23926707108816,9.26564407348633
"655","GB",2025-11-29,9.2870952685674,9.34185743331909
"656","GB",2025-11-30,9.24189527829488,9.2550802230835
"657","GB",2025-12-01,9.09154907862345,9.13337135314941
"658","GB",2025-12-02,8.81495193640391,8.81063508987427
"659","GB",2025-12-03,8.61937189102173,8.6265082359314
"660","GB",2025-12-04,8.42046141624451,8.42872047424316
"661","GB",2025-12-05,8.2185599009196,8.25208854675293
"662","GB",2025-12-06,8.10808110237122,8.14225006103516
"663","GB",2025-12-07,7.99437409639359,7.98805570602417
"664","GB",2025-12-08,7.85596962769826,7.87611317634583
"665","GB",2025-12-09,7.54546103874842,7.5510721206665
"666","GB",2025-12-10,7.24068766832352,7.24689888954163
"667","GB",2025-12-11,7.03516799211502,7.04479193687439
"668","GB",2025-12-12,6.9315027197202,7.01267290115356
"669","GB",2025-12-13,6.84661269187927,6.94436526298523
"670","GB",2025-12-14,6.55903961261113,6.65299701690674
"671","GB",2025-12-15,6.25048412879308,6.28590822219849
"672","GB",2025-12-16,5.92557005087535,5.9585497379303
"673","GB",2025-12-17,5.53432504336039,5.54673409461975
"674","GB",2025-12-18,5.54652978976568,5.61839509010315
"675","GB",2025-12-19,5.55373499790827,5.58017826080322
"676","GB",2025-12-20,5.56352297465007,5.55533576011658
"677","GB",2025-12-21,5.62963487704595,5.67432141304016
"678","GB",2025-12-22,5.52462259928385,5.56475257873535
"679","GB",2025-12-23,5.0790899793307,5.09752297401428
"680","GB",2025-12-24,4.7741295893987,4.83272933959961
"681","GB",2025-12-25,4.74596856037776,4.74490141868591
"682","GB",2025-12-26,4.5659721493721,4.59445667266846
"683","GB",2025-12-27,4.37796582778295,4.41039538383484
"684","GB",2025-12-28,4.22539700071017,4.25690746307373
"685","GB",2025-12-29,4.09946997960408,4.11436319351196
"686","GB",2025-12-30,4.07478355367978,4.09669876098633
"687","GB",2025-12-31,4.27393069863319,4.34318995475769
"688","GB",2026-01-01,3.89456961552302,3.87686789035797
"689","GB",2026-01-02,3.5944683055083,3.64470779895782
"690","GB",2026-01-03,3.43593317270279,3.49285447597504
"691","GB",2026-01-04,3.31380899747213,3.38145411014557
"692","GB",2026-01-05,3.23314931988716,3.26990902423859
"693","GB",2026-01-06,3.11161643266678,3.15826439857483
"694","GB",2026-01-07,3.13014050324758,3.14464926719666
"695","GB",2026-01-08,3.0208994547526,3.03214550018311
"696","GB",2026-01-09,3.03041837612788,3.02666556835175
"697","GB",2026-01-10,3.09404958287875,3.07306587696075
"698","GB",2026-01-11,3.06766648093859,3.08099758625031
"699","GB",2026-01-12,3.00827121734619,2.99077045917511
"700","GB",2026-01-13,3.1628161072731,3.18778717517853
"701","GB",2026-01-14,3.12707034746806,3.12368428707123
"702","GB",2026-01-15,3.22872154911359,3.25857400894165
"703","GB",2026-01-16,3.424562672774,3.5047949552536
"704","GB",2026-01-17,3.47514164447784,3.58925008773804
"705","GB",2026-01-18,3.50991129875183,3.52729642391205
"706","GB",2026-01-19,3.38620263338089,3.38905239105225
"707","GB",2026-01-20,3.17207446694374,3.21925663948059
"708","GB",2026-01-21,2.98273027936618,2.9805680513382
"709","GB",2026-01-22,2.73877981305122,2.7725567817688
"710","GB",2026-01-23,2.73365684350332,2.76324105262756
"711","GB",2026-01-24,2.67120680212975,2.70219421386719
"712","GB",2026-01-25,2.4921190738678,2.5295877456665
"713","GB",2026-01-26,2.50447465976079,2.48751318454742
"714","GB",2026-01-27,2.49202224612236,2.51027274131775
"715","JB",2025-10-01,15.9136422475179,15.7451734542847
"716","JB",2025-10-02,17.5461110273997,17.5257062911987
"717","JB",2025-10-03,18.1253921190898,18.1599807739258
"718","JB",2025-10-04,18.4266951084137,18.4265127182007
"719","JB",2025-10-05,18.6185958385468,18.620885848999
"720","JB",2025-10-06,18.7810277938843,18.8285903930664
"721","JB",2025-10-07,18.9874312877655,19.0140256881714
"722","JB",2025-10-08,19.0605153242747,19.1150531768799
"723","JB",2025-10-09,18.6785875956217,18.8297967910767
"724","JB",2025-10-10,18.409508228302,18.372239112854
"725","JB",2025-10-11,18.5347208976746,18.526683807373
"726","JB",2025-10-12,18.4550387064616,18.4772748947144
"727","JB",2025-10-13,18.1813445885976,18.1775245666504
"728","JB",2025-10-14,17.9046142896016,17.8968000411987
"729","JB",2025-10-15,17.5905995368958,17.575795173645
"730","JB",2025-10-16,17.58935658137,17.5772647857666
"731","JB",2025-10-17,17.4482949574788,17.4304456710815
"732","JB",2025-10-18,17.086065530777,17.0783786773682
"733","JB",2025-10-19,16.9583214918772,16.9578647613525
"734","JB",2025-10-20,16.7587581475576,16.7807207107544
"735","JB",2025-10-21,16.645648876826,16.6409931182861
"736","JB",2025-10-22,16.7332428296407,16.7356452941895
"737","JB",2025-10-23,16.6539735794067,16.6306629180908
"738","JB",2025-10-24,16.3575741449992,16.3042984008789
"739","JB",2025-10-25,16.042031844457,16.0003423690796
"740","JB",2025-10-26,15.7444861332575,15.7025561332703
"741","JB",2025-10-27,15.4968723456065,15.4901461601257
"742","JB",2025-10-28,15.2642683188121,15.249801158905
"743","JB",2025-10-29,15.1705456177394,15.1733961105347
"744","JB",2025-10-30,15.1757678190867,15.1720833778381
"745","JB",2025-10-31,15.1015934546789,15.0945510864258
"746","JB",2025-11-01,14.8615694840749,14.8376722335815
"747","JB",2025-11-02,14.7162424325943,14.7080664634705
"748","JB",2025-11-03,14.4199291467667,14.4330034255981
"749","JB",2025-11-04,14.0446790854136,14.0316643714905
"750","JB",2025-11-05,13.8207151095072,13.8274602890015
"751","JB",2025-11-06,13.6023594538371,13.5566058158875
"752","JB",2025-11-07,13.3856968084971,13.4074530601501
"753","JB",2025-11-08,13.1499516566594,13.2094416618347
"754","JB",2025-11-09,12.8325987259547,12.8159952163696
"755","JB",2025-11-10,12.5413375695546,12.5444808006287
"756","JB",2025-11-11,12.4955375989278,12.4804134368896
"757","JB",2025-11-12,12.5514560937881,12.5433673858643
"758","JB",2025-11-13,12.3849592606227,12.3657126426697
"759","JB",2025-11-14,12.0170927047729,12.040431022644
"760","JB",2025-11-15,11.6577910979589,11.649968624115
"761","JB",2025-11-16,11.6344964504242,11.689887046814
"762","JB",2025-11-17,11.3505784273148,11.3424220085144
"763","JB",2025-11-18,11.2713001966476,11.2464642524719
"764","JB",2025-11-19,11.5246043205261,11.421932220459
"765","JB",2025-11-20,12.2415935198466,12.2774143218994
"766","JB",2025-11-21,12.1084465583165,12.1147217750549
"767","JB",2025-11-22,11.8034960031509,11.8767323493958
"768","JB",2025-11-23,11.5550752480825,11.6092233657837
"769","JB",2025-11-24,11.0661876598994,11.0320110321045
"770","JB",2025-11-25,10.7260184685389,10.7183480262756
"771","JB",2025-11-26,10.4990800221761,10.5033822059631
"772","JB",2025-11-27,10.4770495096842,10.4942297935486
"773","JB",2025-11-28,10.359047571818,10.3626642227173
"774","JB",2025-11-29,10.1103945175807,10.1042442321777
"775","JB",2025-11-30,10.0130885044734,10.0197987556458
"776","JB",2025-12-01,9.94884562492371,9.9428973197937
"777","JB",2025-12-02,9.95704774061839,9.99706506729126
"778","JB",2025-12-03,9.99316616853078,10.0516424179077
"779","JB",2025-12-04,9.83412424723307,9.83897161483765
"780","JB",2025-12-05,9.6423575480779,9.62588500976562
"781","JB",2025-12-06,9.5171362956365,9.5399489402771
"782","JB",2025-12-07,9.35526812076569,9.3743577003479
"783","JB",2025-12-08,8.83664778868357,8.75869703292847
"784","JB",2025-12-09,8.42211711406708,8.46628713607788
"785","JB",2025-12-10,8.28114787737528,8.29162549972534
"786","JB",2025-12-11,8.05158376693726,8.05473852157593
"787","JB",2025-12-12,7.78555820385615,7.80638909339905
"788","JB",2025-12-13,7.59134181340535,7.58205342292786
"789","JB",2025-12-14,7.60837862888972,7.61859917640686
"790","JB",2025-12-15,7.34950761000315,7.31664943695068
"791","JB",2025-12-16,7.22850394248962,7.21543836593628
"792","JB",2025-12-17,7.24037233988444,7.24284553527832
"793","JB",2025-12-18,6.90864976247152,6.95128798484802
"794","JB",2025-12-19,6.83795722325643,6.80961227416992
"795","JB",2025-12-20,6.51080069939295,6.51029133796692
"796","JB",2025-12-21,6.54000753164291,6.47545027732849
"797","JB",2025-12-22,6.61198343833288,6.61109471321106
"798","JB",2025-12-23,6.53894205888112,6.54524421691895
"799","JB",2025-12-24,6.51176104942958,6.55047726631165
"800","JB",2025-12-25,6.42306564251582,6.40495538711548
"801","JB",2025-12-26,5.94620142380397,5.96641206741333
"802","JB",2025-12-27,5.86804447571437,5.85789942741394
"803","JB",2025-12-28,5.6318165063858,5.62127614021301
"804","JB",2025-12-29,5.55899445215861,5.53176856040955
"805","JB",2025-12-30,5.38007265329361,5.41700291633606
"806","JB",2025-12-31,5.19843832651774,5.21467280387878
"807","JB",2026-01-01,5.16843714316686,5.16541290283203
"808","JB",2026-01-02,5.12456405162811,5.16484594345093
"809","JB",2026-01-03,5.08305724461873,5.06450819969177
"810","JB",2026-01-04,5.12248227993647,5.13924813270569
"811","JB",2026-01-05,5.05544912815094,5.10093021392822
"812","JB",2026-01-06,4.92863094806671,4.94123482704163
"813","JB",2026-01-07,4.79157922665278,4.7994384765625
"814","JB",2026-01-08,4.43628680706024,4.44716238975525
"815","JB",2026-01-09,4.22435424725215,4.22358918190002
"816","JB",2026-01-10,4.09381887316704,4.10631799697876
"817","JB",2026-01-11,3.96125550071398,3.95374727249146
"818","JB",2026-01-12,3.80708089470863,3.82356429100037
"819","JB",2026-01-13,3.67656188209852,3.68009400367737
"820","JB",2026-01-14,3.7204517920812,3.71567618846893
"821","JB",2026-01-15,3.79289185007413,3.76093733310699
"822","JB",2026-01-16,3.80303182204564,3.80992913246155
"823","JB",2026-01-17,3.86213519175847,3.80459821224213
"824","JB",2026-01-18,4.08987432718277,4.09094429016113
"825","JB",2026-01-19,4.16435194015503,4.15285921096802
"826","JB",2026-01-20,4.04194261630376,4.07354831695557
"827","JB",2026-01-21,4.08442016442617,4.11814165115356
"828","JB",2026-01-22,4.06432132919629,4.0828914642334
"829","JB",2026-01-23,3.92297778526942,3.92233347892761
"830","JB",2026-01-24,3.84314935406049,3.81363964080811
"831","JB",2026-01-25,3.67376374204954,3.65933191776276
"832","JB",2026-01-26,3.67507546146711,3.68208718299866
"833","JB",2026-01-27,3.62010684609413,3.63254988193512
"834","NK",2025-10-01,17.4837375084559,17.7858409881592
"835","NK",2025-10-02,19.3023710250854,19.4192790985107
"836","NK",2025-10-03,19.4539125760396,19.5009412765503
"837","NK",2025-10-04,19.3825787703196,19.4193058013916
"838","NK",2025-10-05,18.7488307952881,18.8383874893188
"839","NK",2025-10-06,18.8528118928274,18.8738574981689
"840","NK",2025-10-07,19.2666711807251,19.3361845016479
"841","NK",2025-10-08,19.056705792745,19.044038772583
"842","NK",2025-10-09,19.0383837223053,19.1802396774292
"843","NK",2025-10-10,18.9825044473012,19.227653503418
"844","NK",2025-10-11,18.632773955663,18.6488485336304
"845","NK",2025-10-12,18.4446078936259,18.4283456802368
"846","NK",2025-10-13,18.1175025304159,18.0918474197388
"847","NK",2025-10-14,17.850547393163,17.8266725540161
"848","NK",2025-10-15,17.8321592013041,17.8318872451782
"849","NK",2025-10-16,17.8855837980906,17.8799295425415
"850","NK",2025-10-17,17.7543110052745,17.730673789978
"851","NK",2025-10-18,17.4525040785472,17.3779649734497
"852","NK",2025-10-19,17.2449610233307,17.2139739990234
"853","NK",2025-10-20,17.0515495936076,17.0440921783447
"854","NK",2025-10-21,17.0096708933512,16.9913730621338
"855","NK",2025-10-22,17.0722947120667,17.0571317672729
"856","NK",2025-10-23,16.88259156545,16.8740835189819
"857","NK",2025-10-24,16.7618918418884,16.7066516876221
"858","NK",2025-10-25,16.706000884374,16.7305059432983
"859","NK",2025-10-26,16.4627323945363,16.4729881286621
"860","NK",2025-10-27,16.1891627709071,16.2089977264404
"861","NK",2025-10-28,15.9773576259613,16.0068330764771
"862","NK",2025-10-29,15.8461144367854,15.8062109947205
"863","NK",2025-10-30,15.5986756881078,15.5817604064941
"864","NK",2025-10-31,15.4373377958934,15.415271282196
"865","NK",2025-11-01,15.2946384747823,15.2818264961243
"866","NK",2025-11-02,15.0855180025101,15.0929417610168
"867","NK",2025-11-03,14.9437115987142,14.9194307327271
"868","NK",2025-11-04,14.6690930922826,14.6516127586365
"869","NK",2025-11-05,14.4656652609507,14.4758648872375
"870","NK",2025-11-06,14.3132503430049,14.2686910629272
"871","NK",2025-11-07,14.1552624305089,14.1232056617737
"872","NK",2025-11-08,14.0285011529922,14.0105295181274
"873","NK",2025-11-09,13.8469059467316,13.8549084663391
"874","NK",2025-11-10,13.7031840085983,13.7112712860107
"875","NK",2025-11-11,13.4719252983729,13.4597878456116
"876","NK",2025-11-12,13.1895272334417,13.1725859642029
"877","NK",2025-11-13,13.0722284317017,13.0450162887573
"878","NK",2025-11-14,12.7367898623149,12.6815242767334
"879","NK",2025-11-15,12.5178623994191,12.474536895752
"880","NK",2025-11-16,12.3974757989248,12.3496770858765
"881","NK",2025-11-17,12.02001897494,12.0020546913147
"882","NK",2025-11-18,12.0749309857686,12.0049662590027
"883","NK",2025-11-19,12.1373074849447,12.1423630714417
"884","NK",2025-11-20,12.2638297875722,12.2692494392395
"885","NK",2025-11-21,12.1209623813629,12.125084400177
"886","NK",2025-11-22,11.8896768093109,11.9079995155334
"887","NK",2025-11-23,11.6230208873749,11.5070090293884
"888","NK",2025-11-24,11.6209352413813,11.626371383667
"889","NK",2025-11-25,11.4645963907242,11.4509181976318
"890","NK",2025-11-26,11.4430058002472,11.4808320999146
"891","NK",2025-11-27,11.1825544834137,11.1963267326355
"892","NK",2025-11-28,11.0578350226084,11.0299735069275
"893","NK",2025-11-29,10.8961464166641,10.8760766983032
"894","NK",2025-11-30,11.1373355388641,11.1860337257385
"895","NK",2025-12-01,11.0434340635935,11.0675597190857
"896","NK",2025-12-02,10.8691864411036,10.8442406654358
"897","NK",2025-12-03,10.7200892368952,10.746262550354
"898","NK",2025-12-04,10.3842986424764,10.314649105072
"899","NK",2025-12-05,10.3373764753342,10.2945098876953
"900","NK",2025-12-06,10.3507706721624,10.2971181869507
"901","NK",2025-12-07,10.3738652070363,10.3352408409119
"902","NK",2025-12-08,10.0544344186783,10.0149831771851
"903","NK",2025-12-09,9.79933488368988,9.79402589797974
"904","NK",2025-12-10,9.68193864822388,9.71695375442505
"905","NK",2025-12-11,9.41866024335225,9.41880512237549
"906","NK",2025-12-12,8.96489334106445,8.95233345031738
"907","NK",2025-12-13,8.83296024799347,8.78286075592041
"908","NK",2025-12-14,9.1124617656072,9.11720609664917
"909","NK",2025-12-15,8.76013465722402,8.78873538970947
"910","NK",2025-12-16,8.50447630882263,8.48481845855713
"911","NK",2025-12-17,8.73491728305817,8.73637866973877
"912","NK",2025-12-18,8.42575399080912,8.41859340667725
"913","NK",2025-12-19,8.31739453474681,8.31012439727783
"914","NK",2025-12-20,7.81819597880046,7.77126955986023
"915","NK",2025-12-21,7.72668375571569,7.58556222915649
"916","NK",2025-12-22,7.6963144938151,7.69906640052795
"917","NK",2025-12-23,7.64234169324239,7.43086957931519
"918","NK",2025-12-24,7.97715351978938,7.97505021095276
"919","NK",2025-12-25,7.7332820892334,7.70409679412842
"920","NK",2025-12-26,7.12437091271083,7.01783323287964
"921","NK",2025-12-27,7.0373552441597,7.04772114753723
"922","NK",2025-12-28,6.85590610901515,6.799556016922
"923","NK",2025-12-29,6.79670933882395,6.84142756462097
"924","NK",2025-12-30,6.52063322067261,6.49153757095337
"925","NK",2025-12-31,6.28436901172002,6.2728865146637
"926","NK",2026-01-01,6.38741894563039,6.40565991401672
"927","NK",2026-01-02,6.1575785279274,6.17234659194946
"928","NK",2026-01-03,6.05533486604691,5.98539257049561
"929","NK",2026-01-04,6.13278162479401,6.20882987976074
"930","NK",2026-01-05,5.95763673384984,6.01653265953064
"931","NK",2026-01-06,5.81102361281713,5.82165884971619
"932","NK",2026-01-07,5.6820783217748,5.69863080978394
"933","NK",2026-01-08,5.36694870392482,5.4007670879364
"934","NK",2026-01-09,5.13671491543452,5.06338095664978
"935","NK",2026-01-10,5.15676055351893,5.16052436828613
"936","NK",2026-01-11,4.66066257158915,4.64404559135437
"937","NK",2026-01-12,4.50080299377441,4.50630307197571
"938","NK",2026-01-13,4.3996498187383,4.35798645019531
"939","NK",2026-01-14,4.99625257651011,4.99302458763123
"940","NK",2026-01-15,4.92605211337407,4.9248685836792
"941","NK",2026-01-16,4.63658670584361,4.61857914924622
"942","NK",2026-01-17,4.70036552349726,4.57918310165405
"943","NK",2026-01-18,4.9697988430659,4.95428967475891
"944","NK",2026-01-19,4.89165794849396,4.91701745986938
"945","NK",2026-01-20,4.66403075059255,4.62915802001953
"946","NK",2026-01-21,4.72567743062973,4.67651796340942
"947","NK",2026-01-22,4.99359426895777,5.00262808799744
"948","NK",2026-01-23,4.80804141362508,4.85443687438965
"949","NK",2026-01-24,4.3751561443011,4.37113499641418
"950","NK",2026-01-25,4.88057166337967,5.04119825363159
"951","NK",2026-01-26,5.0230654279391,5.05725240707397
"952","NK",2026-01-27,4.85198664665222,4.9298620223999
"953","OB",2025-10-01,15.7131522496541,15.431872844696
"954","OB",2025-10-02,17.4368759791056,17.5702180862427
"955","OB",2025-10-03,17.6887887318929,17.6817741394043
"956","OB",2025-10-04,17.5470617612203,17.5189342498779
"957","OB",2025-10-05,17.5556738376617,17.536994934082
"958","OB",2025-10-06,17.8429575761159,17.7485389709473
"959","OB",2025-10-07,18.2065991560618,18.1890096664429
"960","OB",2025-10-08,18.1541171073914,18.1786031723022
"961","OB",2025-10-09,17.8237222035726,17.793966293335
"962","OB",2025-10-10,17.3102550506592,17.2619771957397
"963","OB",2025-10-11,17.1330446402232,17.1381559371948
"964","OB",2025-10-12,17.2377440929413,17.244327545166
"965","OB",2025-10-13,17.1061765352885,17.0999937057495
"966","OB",2025-10-14,17.0275843143463,17.0439825057983
"967","OB",2025-10-15,16.7152911822001,16.6857738494873
"968","OB",2025-10-16,15.964172522227,15.8792328834534
"969","OB",2025-10-17,15.2118367751439,15.1634035110474
"970","OB",2025-10-18,14.6837706168493,14.6150851249695
"971","OB",2025-10-19,14.6041330099106,14.5729727745056
"972","OB",2025-10-20,14.6722284952799,14.6745567321777
"973","OB",2025-10-21,14.7220961252848,14.722149848938
"974","OB",2025-10-22,14.8641338348389,14.8819904327393
"975","OB",2025-10-23,14.7024647394816,14.6626563072205
"976","OB",2025-10-24,14.2749480406443,14.2171263694763
"977","OB",2025-10-25,14.0530786911647,14.0503535270691
"978","OB",2025-10-26,14.0765051444372,14.0568284988403
"979","OB",2025-10-27,14.0913433631261,14.0957803726196
"980","OB",2025-10-28,13.9359633922577,13.9279451370239
"981","OB",2025-10-29,13.6798777182897,13.6664438247681
"982","OB",2025-10-30,13.4523026148478,13.4341316223145
"983","OB",2025-10-31,13.4900858799616,13.4539279937744
"984","OB",2025-11-01,13.2233619292577,13.1577544212341
"985","OB",2025-11-02,12.7881279786428,12.7413182258606
"986","OB",2025-11-03,12.5436666409175,12.5216627120972
"987","OB",2025-11-04,12.2639605998993,12.2229270935059
"988","OB",2025-11-05,11.9610054095586,11.921407699585
"989","OB",2025-11-06,11.4545969963074,11.3824028968811
"990","OB",2025-11-07,11.2616454362869,11.2356638908386
"991","OB",2025-11-08,11.4583327372869,11.4620547294617
"992","OB",2025-11-09,11.357052564621,11.3193197250366
"993","OB",2025-11-10,11.1980989774068,11.192741394043
"994","OB",2025-11-11,11.0729097922643,11.0599503517151
"995","OB",2025-11-12,10.9437592029572,10.9311285018921
"996","OB",2025-11-13,10.8554960489273,10.8414931297302
"997","OB",2025-11-14,10.3162986834844,10.2440686225891
"998","OB",2025-11-15,10.0207298994064,10.0084385871887
"999","OB",2025-11-16,9.89863705635071,9.84267234802246
"1000","OB",2025-11-17,9.28860946496328,9.24123573303223
"1001","OB",2025-11-18,8.9918992916743,8.99138975143433
"1002","OB",2025-11-19,8.93389332294464,8.92604923248291
"1003","OB",2025-11-20,8.7943172454834,8.78998422622681
"1004","OB",2025-11-21,8.74648642539978,8.73824405670166
"1005","OB",2025-11-22,8.65884379545848,8.62638759613037
"1006","OB",2025-11-23,8.63450884819031,8.62849760055542
"1007","OB",2025-11-24,8.61887113253275,8.6151819229126
"1008","OB",2025-11-25,8.55956331888835,8.55609273910522
"1009","OB",2025-11-26,8.504443248113,8.50920057296753
"1010","OB",2025-11-27,8.48592122395833,8.48235082626343
"1011","OB",2025-11-28,8.4593597650528,8.46446752548218
"1012","OB",2025-11-29,8.35754144191742,8.36993169784546
"1013","OB",2025-11-30,8.23219871520996,8.23063993453979
"1014","OB",2025-12-01,8.15365318457286,8.14576816558838
"1015","OB",2025-12-02,8.11219727993011,8.10612869262695
"1016","OB",2025-12-03,8.06444925069809,8.07993459701538
"1017","OB",2025-12-04,7.87149143218994,7.8441846370697
"1018","OB",2025-12-05,7.81572226683299,7.83200144767761
"1019","OB",2025-12-06,7.74833669265111,7.75587272644043
"1020","OB",2025-12-07,7.59411205848058,7.57095527648926
"1021","OB",2025-12-08,7.32598376274109,7.28596973419189
"1022","OB",2025-12-09,7.03568083047867,7.02767705917358
"1023","OB",2025-12-10,6.74077260494232,6.69009208679199
"1024","OB",2025-12-11,6.49788616100947,6.47756814956665
"1025","OB",2025-12-12,6.30877949794133,6.31630039215088
"1026","OB",2025-12-13,6.04315022627513,6.05268359184265
"1027","OB",2025-12-14,5.84379702806473,5.84901070594788
"1028","OB",2025-12-15,5.59701087077459,5.60959959030151
"1029","OB",2025-12-16,5.36687298615773,5.34533333778381
"1030","OB",2025-12-17,5.07330699761709,5.07813906669617
"1031","OB",2025-12-18,4.73820028702418,4.7348952293396
"1032","OB",2025-12-19,4.73581262429555,4.73945927619934
"1033","OB",2025-12-20,4.58857919772466,4.59529757499695
"1034","OB",2025-12-21,4.54078962405523,4.53949165344238
"1035","OB",2025-12-22,4.54735533396403,4.54560351371765
"1036","OB",2025-12-23,4.54104385773341,4.53423500061035
"1037","OB",2025-12-24,4.53832572698593,4.53021478652954
"1038","OB",2025-12-25,4.57169195016225,4.5745632648468
"1039","OB",2025-12-26,4.55712157487869,4.52235698699951
"1040","OB",2025-12-27,4.50521409511566,4.47654271125793
"1041","OB",2025-12-28,4.21542807420095,4.19956421852112
"1042","OB",2025-12-29,4.0396269261837,4.04214715957642
"1043","OB",2025-12-30,3.92520672082901,3.94109058380127
"1044","OB",2025-12-31,3.80786325534185,3.81052982807159
"1045","OB",2026-01-01,3.53245602051417,3.50292885303497
"1046","OB",2026-01-02,3.32332761089007,3.31121981143951
"1047","OB",2026-01-03,3.199353069067,3.19867515563965
"1048","OB",2026-01-04,3.16225048899651,3.16564607620239
"1049","OB",2026-01-05,3.11855438351631,3.12407994270325
"1050","OB",2026-01-06,3.05444930990537,3.03570675849915
"1051","OB",2026-01-07,2.86466626326243,2.86888432502747
"1052","OB",2026-01-08,2.6172762910525,2.60080516338348
"1053","OB",2026-01-09,2.53326902786891,2.53384864330292
"1054","OB",2026-01-10,2.53296142816544,2.52197742462158
"1055","OB",2026-01-11,2.48166306813558,2.46903765201569
"1056","OB",2026-01-12,2.47702217102051,2.47638630867004
"1057","OB",2026-01-13,2.46191407243411,2.46856558322906
"1058","OB",2026-01-14,2.47550840179125,2.47480797767639
"1059","OB",2026-01-15,2.51940241456032,2.50505435466766
"1060","OB",2026-01-16,2.51309475302696,2.51495826244354
"1061","OB",2026-01-17,2.4145455857118,2.41539692878723
"1062","OB",2026-01-18,2.4169381360213,2.41392207145691
"1063","OB",2026-01-19,2.43838598330816,2.43941688537598
"1064","OB",2026-01-20,2.39608031511307,2.39813828468323
"1065","OB",2026-01-21,2.43242280681928,2.42849850654602
"1066","OB",2026-01-22,2.32917883992195,2.31516849994659
"1067","OB",2026-01-23,2.22864513595899,2.22974956035614
"1068","OB",2026-01-24,2.24208099643389,2.23530077934265
"1069","OB",2026-01-25,2.33054485917091,2.33925914764404
"1070","OB",2026-01-26,2.31542653838793,2.31314814090729
"1071","OB",2026-01-27,2.3617060482502,2.36000847816467
"1072","SH",2025-10-01,14.6009720961253,14.3882532119751
"1073","SH",2025-10-02,16.3396812280019,16.3898000717163
"1074","SH",2025-10-03,16.3024524847666,16.3230142593384
"1075","SH",2025-10-04,16.0225819349289,16.1148557662964
"1076","SH",2025-10-05,16.1506654024124,16.1484966278076
"1077","SH",2025-10-06,16.0125723282496,15.9486012458801
"1078","SH",2025-10-07,15.6631608009338,15.3778429031372
"1079","SH",2025-10-08,14.7496001323064,14.4989686012268
"1080","SH",2025-10-09,15.5383033355077,15.7622780799866
"1081","SH",2025-10-10,15.7621352275213,15.7422251701355
"1082","SH",2025-10-11,15.6186197201411,15.6209802627563
"1083","SH",2025-10-12,15.3506609598796,15.3218474388123
"1084","SH",2025-10-13,15.0534665584564,15.0287599563599
"1085","SH",2025-10-14,14.820726831754,14.8348798751831
"1086","SH",2025-10-15,14.6541699568431,14.6324582099915
"1087","SH",2025-10-16,14.4636553525925,14.4685163497925
"1088","SH",2025-10-17,14.3182969093323,14.3232159614563
"1089","SH",2025-10-18,14.1199959516525,14.1323471069336
"1090","SH",2025-10-19,14.0269679228465,14.0642819404602
"1091","SH",2025-10-20,13.9729713201523,13.9885411262512
"1092","SH",2025-10-21,14.2006304264069,14.2377552986145
"1093","SH",2025-10-22,14.2019627491633,14.2218151092529
"1094","SH",2025-10-23,14.0477689901988,14.0671968460083
"1095","SH",2025-10-24,13.878191669782,13.8681902885437
"1096","SH",2025-10-25,13.7597422997157,13.7812628746033
"1097","SH",2025-10-26,13.7132467031479,13.7211723327637
"1098","SH",2025-10-27,13.6190035740534,13.6213603019714
"1099","SH",2025-10-28,13.4730755488078,13.4713950157166
"1100","SH",2025-10-29,13.2886600494385,13.2764415740967
"1101","SH",2025-10-30,13.1043223937353,13.105598449707
"1102","SH",2025-10-31,13.0461046298345,13.0258498191833
"1103","SH",2025-11-01,13.1179795265198,13.1194138526917
"1104","SH",2025-11-02,12.8997309207916,12.8483901023865
"1105","SH",2025-11-03,12.5346641937892,12.5372195243835
"1106","SH",2025-11-04,12.4392311573029,12.4571895599365
"1107","SH",2025-11-05,12.3422918319702,12.4472093582153
"1108","SH",2025-11-06,12.030503153801,12.1158666610718
"1109","SH",2025-11-07,11.8154817422231,11.8502473831177
"1110","SH",2025-11-08,11.7884853283564,11.8399505615234
"1111","SH",2025-11-09,11.7623232205709,11.7835230827332
"1112","SH",2025-11-10,11.4660719235738,11.4894080162048
"1113","SH",2025-11-11,11.4762541055679,11.5517859458923
"1114","SH",2025-11-12,11.3529417912165,11.4314527511597
"1115","SH",2025-11-13,11.247277935346,11.3104629516602
"1116","SH",2025-11-14,10.9820933739344,10.998095035553
"1117","SH",2025-11-15,10.8255627552668,10.8293070793152
"1118","SH",2025-11-16,10.8193345864614,10.8180508613586
"1119","SH",2025-11-17,10.7383721669515,10.7668614387512
"1120","SH",2025-11-18,10.5745710929235,10.5941457748413
"1121","SH",2025-11-19,10.4662735064824,10.4745645523071
"1122","SH",2025-11-20,10.4096146821976,10.4239192008972
"1123","SH",2025-11-21,10.4183727105459,10.4358215332031
"1124","SH",2025-11-22,10.3547529776891,10.3914198875427
"1125","SH",2025-11-23,10.2730786005656,10.301486492157
"1126","SH",2025-11-24,10.0582405726115,10.0743522644043
"1127","SH",2025-11-25,9.86178612709045,9.8768367767334
"1128","SH",2025-11-26,9.72307562828064,9.74287223815918
"1129","SH",2025-11-27,9.82837243874868,9.90151071548462
"1130","SH",2025-11-28,9.86038871606191,9.88848972320557
"1131","SH",2025-11-29,9.76888116200765,9.92753124237061
"1132","SH",2025-11-30,9.63051716486613,9.71717166900635
"1133","SH",2025-12-01,9.47522099812826,9.61508893966675
"1134","SH",2025-12-02,9.40445689360301,9.5095386505127
"1135","SH",2025-12-03,9.0620793501536,9.09017944335938
"1136","SH",2025-12-04,8.98436534404755,9.11762094497681
"1137","SH",2025-12-05,8.87578415870667,8.97275400161743
"1138","SH",2025-12-06,8.78636336326599,8.85060739517212
"1139","SH",2025-12-07,8.70110607147217,8.77127742767334
"1140","SH",2025-12-08,8.45722651481628,8.44989824295044
"1141","SH",2025-12-09,8.15228307247162,8.14483880996704
"1142","SH",2025-12-10,8.0064497590065,8.01776766777039
"1143","SH",2025-12-11,7.95555144548416,7.99347233772278
"1144","SH",2025-12-12,7.71602598826091,7.80018544197083
"1145","SH",2025-12-13,7.53482534488042,7.61533355712891
"1146","SH",2025-12-14,7.43638549248378,7.4638729095459
"1147","SH",2025-12-15,7.14157199859619,7.1335825920105
"1148","SH",2025-12-16,6.92564596732457,6.93596005439758
"1149","SH",2025-12-17,6.77169980605443,6.78517580032349
"1150","SH",2025-12-18,6.77634316682816,6.82940340042114
"1151","SH",2025-12-19,6.70197153091431,6.75380373001099
"1152","SH",2025-12-20,6.78741343816121,6.86521005630493
"1153","SH",2025-12-21,6.81885117292404,6.89860415458679
"1154","SH",2025-12-22,6.60513736804326,6.70727777481079
"1155","SH",2025-12-23,6.29817312955856,6.32097291946411
"1156","SH",2025-12-24,6.09856295585632,6.14723801612854
"1157","SH",2025-12-25,6.01301022370656,6.05874609947205
"1158","SH",2025-12-26,5.87904272476832,5.91888785362244
"1159","SH",2025-12-27,5.85786461830139,5.90951037406921
"1160","SH",2025-12-28,5.79752331972122,5.88671875
"1161","SH",2025-12-29,5.78033699591955,5.82069516181946
"1162","SH",2025-12-30,5.70096852382024,5.7744255065918
"1163","SH",2025-12-31,5.55044907331467,5.59515619277954
"1164","SH",2026-01-01,5.41862465937932,5.45316576957703
"1165","SH",2026-01-02,5.26954466104507,5.32581162452698
"1166","SH",2026-01-03,5.11138608058294,5.1590883731842
"1167","SH",2026-01-04,4.94042136271795,4.94293713569641
"1168","SH",2026-01-05,4.69490655263265,4.67890357971191
"1169","SH",2026-01-06,4.56005024909973,4.56484508514404
"1170","SH",2026-01-07,4.40174015363057,4.37788009643555
"1171","SH",2026-01-08,4.24976706504822,4.27414441108704
"1172","SH",2026-01-09,4.22288304567337,4.26391363143921
"1173","SH",2026-01-10,4.23532734314601,4.27597737312317
"1174","SH",2026-01-11,4.16776229937871,4.22121644020081
"1175","SH",2026-01-12,4.1203440229098,4.17476940155029
"1176","SH",2026-01-13,4.13603570063909,4.14552116394043
"1177","SH",2026-01-14,4.09204057852427,4.0958297252655
"1178","SH",2026-01-15,4.13185362021128,4.13718461990356
"1179","SH",2026-01-16,4.02838404973348,4.05104660987854
"1180","SH",2026-01-17,4.04303720593452,4.06431126594543
"1181","SH",2026-01-18,4.01798261205355,4.04856872558594
"1182","SH",2026-01-19,3.89517055948575,3.94175803661346
"1183","SH",2026-01-20,3.75071337819099,3.79356014728546
"1184","SH",2026-01-21,3.57333831985792,3.61343121528625
"1185","SH",2026-01-22,3.4193900624911,3.45400011539459
"1186","SH",2026-01-23,3.35146781802177,3.42690932750702
"1187","SH",2026-01-24,3.32569112380346,3.42213678359985
"1188","SH",2026-01-25,3.41066138943036,3.51850688457489
"1189","SH",2026-01-26,3.52579761544863,3.66993296146393
"1190","SH",2026-01-27,3.65515841046969,3.70878207683563
"1191","WB",2025-10-01,13.7393221855164,13.3974876403809
"1192","WB",2025-10-02,16.2917151848475,16.3418235778809
"1193","WB",2025-10-03,16.3881925741831,16.37109375
"1194","WB",2025-10-04,16.2769536177317,16.2771711349487
"1195","WB",2025-10-05,16.1003113190333,16.119026184082
"1196","WB",2025-10-06,15.9337083498637,15.9496140480042
"1197","WB",2025-10-07,15.6719137032827,15.6948013305664
"1198","WB",2025-10-08,14.9024064540863,14.885814666748
"1199","WB",2025-10-09,13.7368841965993,13.7138361930847
"1200","WB",2025-10-10,14.4208427270254,14.3349232673645
"1201","WB",2025-10-11,15.2418306271235,15.2372736930847
"1202","WB",2025-10-12,15.2818361520767,15.2848663330078
"1203","WB",2025-10-13,15.1840453147888,15.1620635986328
"1204","WB",2025-10-14,15.0424976348877,15.0083651542664
"1205","WB",2025-10-15,14.8943527936935,14.897518157959
"1206","WB",2025-10-16,14.7006962696711,14.661600112915
"1207","WB",2025-10-17,14.3751255273819,14.3545379638672
"1208","WB",2025-10-18,14.116556207339,14.090142250061
"1209","WB",2025-10-19,13.9732803901037,13.94380235672
"1210","WB",2025-10-20,13.7742283741633,13.7276396751404
"1211","WB",2025-10-21,13.8620562156041,13.8475074768066
"1212","WB",2025-10-22,13.987982749939,13.9876947402954
"1213","WB",2025-10-23,13.8065021832784,13.7642412185669
"1214","WB",2025-10-24,13.5038182735443,13.5144758224487
"1215","WB",2025-10-25,13.2509498596191,13.2228865623474
"1216","WB",2025-10-26,13.0188958644867,12.9633603096008
"1217","WB",2025-10-27,12.9242626825968,12.9340643882751
"1218","WB",2025-10-28,12.8039668798447,12.7652063369751
"1219","WB",2025-10-29,12.6069778203964,12.5790734291077
"1220","WB",2025-10-30,12.503227909406,12.4976258277893
"1221","WB",2025-10-31,12.4686443805695,12.4574732780457
"1222","WB",2025-11-01,12.3439706166585,12.3511514663696
"1223","WB",2025-11-02,12.2263150612513,12.2403182983398
"1224","WB",2025-11-03,12.0090314149857,12.0095686912537
"1225","WB",2025-11-04,11.8407988945643,11.8442692756653
"1226","WB",2025-11-05,11.7422530253728,11.7296142578125
"1227","WB",2025-11-06,11.5082579851151,11.467821598053
"1228","WB",2025-11-07,11.3387261629105,11.3459296226501
"1229","WB",2025-11-08,11.2884757518768,11.2862129211426
"1230","WB",2025-11-09,11.2253048419952,11.1918907165527
"1231","WB",2025-11-10,10.7430945237478,10.6373991966248
"1232","WB",2025-11-11,10.5718081792196,10.586498260498
"1233","WB",2025-11-12,10.6802884737651,10.6681547164917
"1234","WB",2025-11-13,10.683008313179,10.6851558685303
"1235","WB",2025-11-14,10.5630033810933,10.5541143417358
"1236","WB",2025-11-15,10.3797566493352,10.3857650756836
"1237","WB",2025-11-16,10.3049252827962,10.3037405014038
"1238","WB",2025-11-17,10.2576602300008,10.2655830383301
"1239","WB",2025-11-18,10.221111536026,10.2107672691345
"1240","WB",2025-11-19,10.2586696147919,10.2634811401367
"1241","WB",2025-11-20,10.2976645231247,10.305935382843
"1242","WB",2025-11-21,10.1751896540324,10.1936101913452
"1243","WB",2025-11-22,9.90382548173269,9.88587093353271
"1244","WB",2025-11-23,9.89797015984853,9.89792633056641
"1245","WB",2025-11-24,9.68562654654185,9.63542938232422
"1246","WB",2025-11-25,9.57477863629659,9.56491565704346
"1247","WB",2025-11-26,9.5432737270991,9.54378890991211
"1248","WB",2025-11-27,9.54546173413595,9.54873752593994
"1249","WB",2025-11-28,9.45097573598226,9.46845102310181
"1250","WB",2025-11-29,9.52119187513987,9.53953742980957
"1251","WB",2025-11-30,9.50829414526621,9.52525186538696
"1252","WB",2025-12-01,9.29898099104563,9.29069423675537
"1253","WB",2025-12-02,9.31658267974854,9.31011009216309
"1254","WB",2025-12-03,9.14401785532633,9.14982891082764
"1255","WB",2025-12-04,8.94063790639242,8.97254085540771
"1256","WB",2025-12-05,8.65359393755595,8.65213108062744
"1257","WB",2025-12-06,8.53454967339834,8.52440738677979
"1258","WB",2025-12-07,8.46745590368907,8.46619081497192
"1259","WB",2025-12-08,8.33538520336151,8.31664991378784
"1260","WB",2025-12-09,8.21001807848612,8.21209573745728
"1261","WB",2025-12-10,8.07844312985738,8.08634519577026
"1262","WB",2025-12-11,7.85045655568441,7.8421688079834
"1263","WB",2025-12-12,7.81394783655802,7.83502602577209
"1264","WB",2025-12-13,8.0229928890864,7.95432305335999
"1265","WB",2025-12-14,8.2540264527003,8.24631261825562
"1266","WB",2025-12-15,8.2127423286438,8.21980667114258
"1267","WB",2025-12-16,7.77861344814301,7.72334122657776
"1268","WB",2025-12-17,7.60328900814056,7.57806181907654
"1269","WB",2025-12-18,7.51334631443024,7.50334310531616
"1270","WB",2025-12-19,7.42664515972137,7.43150305747986
"1271","WB",2025-12-20,7.26280542214711,7.21716570854187
"1272","WB",2025-12-21,7.23296111822128,7.19680309295654
"1273","WB",2025-12-22,7.27725887298584,7.27947187423706
"1274","WB",2025-12-23,7.17534329493841,7.14147424697876
"1275","WB",2025-12-24,7.00190289815267,6.99326848983765
"1276","WB",2025-12-25,6.89875946442286,6.89359879493713
"1277","WB",2025-12-26,6.81722285350164,6.8132586479187
"1278","WB",2025-12-27,6.82574045658112,6.83160591125488
"1279","WB",2025-12-28,6.84979923566182,6.85764741897583
"1280","WB",2025-12-29,6.55483144521713,6.5622832775116
"1281","WB",2025-12-30,6.23711436986923,6.19694256782532
"1282","WB",2025-12-31,6.1553750038147,6.16253924369812
"1283","WB",2026-01-01,6.2352815469106,6.24040579795837
"1284","WB",2026-01-02,6.32530200481415,6.33080005645752
"1285","WB",2026-01-03,6.27058885494868,6.27779221534729
"1286","WB",2026-01-04,6.26310580968857,6.26168823242188
"1287","WB",2026-01-05,6.20643562078476,6.23268413543701
"1288","WB",2026-01-06,5.91599680980047,5.85428357124329
"1289","WB",2026-01-07,5.75784838199615,5.75076818466187
"1290","WB",2026-01-08,5.64662218093872,5.65360307693481
"1291","WB",2026-01-09,5.55859303474426,5.55630612373352
"1292","WB",2026-01-10,5.41186904907227,5.40733003616333
"1293","WB",2026-01-11,5.39373427629471,5.39268851280212
"1294","WB",2026-01-12,5.25767723719279,5.22843813896179
"1295","WB",2026-01-13,5.21405376990636,5.17295384407043
"1296","WB",2026-01-14,5.34994582335154,5.35204768180847
"1297","WB",2026-01-15,5.38744556903839,5.38581609725952
"1298","WB",2026-01-16,5.44349487622579,5.43646025657654
"1299","WB",2026-01-17,5.39719553788503,5.396488904953
"1300","WB",2026-01-18,5.43841514984767,5.42015361785889
"1301","WB",2026-01-19,5.48028314113617,5.48543810844421
"1302","WB",2026-01-20,5.19454660018285,5.16532564163208
"1303","WB",2026-01-21,5.15612449248632,5.15590119361877
"1304","WB",2026-01-22,5.13421646753947,5.13610744476318
"1305","WB",2026-01-23,5.07408928871155,5.07326793670654
"1306","WB",2026-01-24,5.04517660538356,5.05463933944702
"1307","WB",2026-01-25,5.14124757051468,5.14063143730164
"1308","WB",2026-01-26,5.08023713032405,5.07168960571289
"1309","WB",2026-01-27,4.99817270040512,4.99766540527344
"1310","WC",2025-10-01,15.8579394817352,15.9084815979004
"1311","WC",2025-10-02,17.1322813034058,17.2177724838257
"1312","WC",2025-10-03,17.3418838183085,17.3301992416382
"1313","WC",2025-10-04,17.5934802691142,17.5911712646484
"1314","WC",2025-10-05,17.9287136395772,17.9186449050903
"1315","WC",2025-10-06,18.4575383663177,18.4409427642822
"1316","WC",2025-10-07,18.8019446531932,18.8262195587158
"1317","WC",2025-10-08,18.7510894934336,18.7445516586304
"1318","WC",2025-10-09,18.3019649187724,18.3370132446289
"1319","WC",2025-10-10,17.7162834803263,17.7338075637817
"1320","WC",2025-10-11,17.684864838918,17.7368125915527
"1321","WC",2025-10-12,17.7351125876109,17.7825832366943
"1322","WC",2025-10-13,17.5430862903595,17.5877132415771
"1323","WC",2025-10-14,17.4413775602976,17.4186983108521
"1324","WC",2025-10-15,17.1985949675242,17.2463750839233
"1325","WC",2025-10-16,16.2652907768885,16.1978416442871
"1326","WC",2025-10-17,15.4020179112752,15.38196849823
"1327","WC",2025-10-18,14.9605706135432,14.9780950546265
"1328","WC",2025-10-19,14.9180838664373,14.9528546333313
"1329","WC",2025-10-20,15.0608301560084,15.055835723877
"1330","WC",2025-10-21,14.9612255891164,14.95476770401
"1331","WC",2025-10-22,15.0611337423325,15.0871224403381
"1332","WC",2025-10-23,14.8896906773249,14.8624954223633
"1333","WC",2025-10-24,14.4103584289551,14.3342552185059
"1334","WC",2025-10-25,14.1885292132696,14.2010440826416
"1335","WC",2025-10-26,14.2452702919642,14.2422285079956
"1336","WC",2025-10-27,14.2259372472763,14.2451152801514
"1337","WC",2025-10-28,14.0252029895782,14.033814907074
"1338","WC",2025-10-29,13.7192243337631,13.6945772171021
"1339","WC",2025-10-30,13.5199903647105,13.528618812561
"1340","WC",2025-10-31,13.6324572165807,13.606164932251
"1341","WC",2025-11-01,13.3041301568349,13.2741775512695
"1342","WC",2025-11-02,12.8076670567195,12.7943735122681
"1343","WC",2025-11-03,12.5986279249191,12.5998864173889
"1344","WC",2025-11-04,12.3218453327815,12.2881484031677
"1345","WC",2025-11-05,11.9601204395294,11.9339070320129
"1346","WC",2025-11-06,11.4133229653041,11.3164110183716
"1347","WC",2025-11-07,11.2179792324702,11.2052917480469
"1348","WC",2025-11-08,11.4783753554026,11.4718465805054
"1349","WC",2025-11-09,11.3808794021606,11.3266382217407
"1350","WC",2025-11-10,11.2510220607122,11.2557983398438
"1351","WC",2025-11-11,11.1624767780304,11.1352438926697
"1352","WC",2025-11-12,10.9606044689814,10.9560861587524
"1353","WC",2025-11-13,10.8313058614731,10.8231482505798
"1354","WC",2025-11-14,10.2020866076152,10.1300806999207
"1355","WC",2025-11-15,9.89209465185801,9.89148902893066
"1356","WC",2025-11-16,9.73753253618876,9.72086620330811
"1357","WC",2025-11-17,9.01236701011658,8.88789892196655
"1358","WC",2025-11-18,8.57533589998881,8.54287958145142
"1359","WC",2025-11-19,8.35850465297699,8.34901857376099
"1360","WC",2025-11-20,8.13325953483582,8.11066102981567
"1361","WC",2025-11-21,8.12664804855982,8.03362941741943
"1362","WC",2025-11-22,8.05878555774689,8.02273607254028
"1363","WC",2025-11-23,8.0372464855512,7.97826099395752
"1364","WC",2025-11-24,8.00169243415197,7.94816660881042
"1365","WC",2025-11-25,7.97570914030075,7.95794749259949
"1366","WC",2025-11-26,8.00188235441844,7.99635672569275
"1367","WC",2025-11-27,8.0898388226827,8.0893440246582
"1368","WC",2025-11-28,8.08102230230967,8.0775146484375
"1369","WC",2025-11-29,7.92262293895086,7.9186680316925
"1370","WC",2025-11-30,7.8044815659523,7.75699210166931
"1371","WC",2025-12-01,7.72879459460576,7.70293498039246
"1372","WC",2025-12-02,7.66216566165288,7.63451313972473
"1373","WC",2025-12-03,7.60329037904739,7.57179307937622
"1374","WC",2025-12-04,7.49093457063039,7.48339080810547
"1375","WC",2025-12-05,7.28593417008718,7.25134134292603
"1376","WC",2025-12-06,7.11111358801524,7.0657753944397
"1377","WC",2025-12-07,6.98353570699692,6.9877769947052
"1378","WC",2025-12-08,6.71268743276596,6.74725127220154
"1379","WC",2025-12-09,6.39168713490168,6.40057730674744
"1380","WC",2025-12-10,6.11958426237106,6.0967321395874
"1381","WC",2025-12-11,5.90204105774562,5.87949824333191
"1382","WC",2025-12-12,5.59232427676519,5.58745718002319
"1383","WC",2025-12-13,5.20036367575328,5.17542910575867
"1384","WC",2025-12-14,5.03807020187378,4.99661755561829
"1385","WC",2025-12-15,4.91640096902847,4.95086598396301
"1386","WC",2025-12-16,4.65587409337362,4.5593729019165
"1387","WC",2025-12-17,4.27228611707687,4.25383877754211
"1388","WC",2025-12-18,3.93611925840378,3.89499378204346
"1389","WC",2025-12-19,3.89876777927081,3.88869214057922
"1390","WC",2025-12-20,3.90812185406685,3.89448869228363
"1391","WC",2025-12-21,3.90247958898544,3.87935376167297
"1392","WC",2025-12-22,3.91817988952001,3.87584125995636
"1393","WC",2025-12-23,3.92062389850616,3.86093270778656
"1394","WC",2025-12-24,3.88194035490354,3.83328211307526
"1395","WC",2025-12-25,3.9098496735096,3.74915444850922
"1396","WC",2025-12-26,3.92456783850988,3.80362820625305
"1397","WC",2025-12-27,3.68290929992994,3.56691014766693
"1398","WC",2025-12-28,3.41492390632629,3.26500201225281
"1399","WC",2025-12-29,3.32594885428747,3.22320961952209
"1400","WC",2025-12-30,3.16113247474035,3.1301863193512
"1401","WC",2025-12-31,2.85729639728864,2.82041704654694
"1402","WC",2026-01-01,2.60040381550789,2.61892426013947
"1403","WC",2026-01-02,2.36565959453583,2.30338335037231
"1404","WC",2026-01-03,2.18826167782148,2.04528748989105
"1405","WC",2026-01-04,2.06122137606144,1.96112406253815
"1406","WC",2026-01-05,2.02236463626226,1.87790352106094
"1407","WC",2026-01-06,1.99575101335843,1.96747881174088
"1408","WC",2026-01-07,1.99742815395196,2.00401890277863
"1409","WC",2026-01-08,1.91959812243779,1.87429511547089
"1410","WC",2026-01-09,1.88032065331936,1.78970104455948
"1411","WC",2026-01-10,1.92523675163587,1.89273220300674
"1412","WC",2026-01-11,1.93167734642824,1.89680564403534
"1413","WC",2026-01-12,1.92704221606255,1.87287652492523
"1414","WC",2026-01-13,1.89888087411722,1.86655783653259
"1415","WC",2026-01-14,1.9138305435578,1.90702015161514
"1416","WC",2026-01-15,2.01822689672311,2.0106920003891
"1417","WC",2026-01-16,2.0879503985246,2.09409523010254
"1418","WC",2026-01-17,2.06832961241404,2.06027555465698
"1419","WC",2026-01-18,2.10169174273809,2.09236872196198
"1420","WC",2026-01-19,2.12878305713336,2.11694943904877
"1421","WC",2026-01-20,2.08768979211648,2.10707557201385
"1422","WC",2026-01-21,1.96651669343313,1.96601462364197
"1423","WC",2026-01-22,1.86426304280758,1.86587047576904
"1424","WC",2026-01-23,1.80992826322714,1.80687755346298
"1425","WC",2026-01-24,1.79073089361191,1.75879842042923
"1426","WC",2026-01-25,1.74183328449726,1.68519234657288
"1427","WC",2026-01-26,1.68086984256903,1.64258450269699
"1428","WC",2026-01-27,1.74935311079025,1.65909403562546
